:020000040800F2
:10000000600D002061020008795A00087D4F000849
:10001000F5580008D9270008957C0008000000006A
:100020000000000000000000000000004978000807
:10003000BD28000800000000F1740008E97A0008FB
:100040007B0200087B0200087B0200087B0200089C
:100050007B0200087B0200087B0200087B0200088C
:100060007B0200087B0200087B0200087B0200087C
:100070007B0200087B0200087B0200087B0200086C
:100080007B0200087B0200087B0200087B0200085C
:100090007B0200087B0200087B0200087B0200084C
:1000A0007B0200087B0200087B0200087B0200083C
:1000B000F17A00087B0200087B0200087B0200083E
:1000C0007B0200087B0200087B0200087B0200081C
:1000D0007B020008C97B0008D57B00087B02000872
:1000E0007B0200087B0200087B02000800F002F897
:1000F00000F0A6F814A696E8000CB244B344DA4522
:1001000001D100F09DF8BAE80F000FA696E8300084
:10011000A5EB040504EB0607AAEB0704A7F101070A
:100120004FEA15154FEA3414A4F10104AC4201D38F
:1001300000F086F813F0010F18BFFB1A43F001031B
:1001400000F001F8DBE718479CB60000BCB60000E1
:10015000103A24BF78C878C1FAD8520724BF30C8F3
:1001600030C144BF04680C60704700007047000055
:100170000023002400250026103A28BF78C1FBD8B0
:10018000520728BF30C148BF0B6070476E2900F08E
:100190007582702900F0B783662909F0E881652926
:1001A00009F0E581672909F0E281612909F0E1811F
:1001B00003681B0A28BF41F08001692900F02282F0
:1001C000642900F01F82752900F01C826F2900F05D
:1001D0004583782900F08383E92900F0DF82E42950
:1001E00000F0DC82F52900F0D982EF2900F042838B
:1001F000F82900F082830368DB0928BF41F0800101
:10020000632901F0F380732901F0F880E32901F0FC
:100210000381F32901F00881002070471FB501F028
:100220005DF904000020002108F0A4FB401C606080
:100230000020002108F088FBE0601FBD10B510BD54
:1002400001F01EF91146FFF7E9FF07F0C3FD01F0C9
:10025000FBF903B4FFF7F2FF03BC01F0FFF9000064
:100260000948804709480047FEE7FEE7FEE7FEE74A
:10027000FEE7FEE7FEE7FEE7FEE7FEE70448054986
:10028000054A064B70470000ED7A0008ED000008B3
:1002900060070020600D0020600900206009002038
:1002A0001CB50C46064B7B4469460090204600F086
:1002B000FEF904460020694600F00CFA20461CBDF9
:1002C0002B04000040EA010310B59B070FD1042A5C
:1002D0000DD310C808C9121F9C42F8D020BA19BA11
:1002E000884201D9012010BD4FF0FF3010BD1AB176
:1002F000D30703D0521C07E0002010BD10F8013BCB
:1003000011F8014B1B1B07D110F8013B11F8014BF1
:100310001B1B01D1921EF1D1184610BD10B5431C14
:1003200002E010F8011B71B18107FAD14FF00132E0
:1003300002C88C1A8C4314EAC211F9D0C01A0A06FA
:1003400003D0C01E10BDC01A10BD0A0401D0801E0B
:1003500010BD0902FCD0401E10BD032A40F23080BF
:1003600010F0030C00F0158011F8013BBCF1020FF6
:10037000624498BF11F801CB00F8013B38BF11F877
:10038000013BA2F1040298BF00F801CB38BF00F88E
:10039000013B11F0030300F08583083AC0F00880A8
:1003A00051F8043B083A51F804CBA0E80810F5E7EF
:1003B000121D5CBF51F8043B40F8043BAFF30080D2
:1003C000D20724BF11F8013B11F801CB48BF11F847
:1003D000012B24BF00F8013B00F801CB48BF00F817
:1003E000012B7047431A28BF9A427FF6B6AF1044DC
:1003F0001144032A40F2268010F0030F1EBF11F8AB
:10040000013D521E00F8013D10F0030F7FF4F6AFDE
:1004100011F0030300F08B83083AC0F00B8051F811
:10042000043D083A51F804CD40F8043D40F804CDAD
:10043000FFF7F3BF121D5CBF51F8043D40F8043DC7
:10044000AFF30080D20724BF11F8013D11F801CDB0
:1004500048BF11F8012C24BF00F8013D00F801CD80
:1004600048BF00F8012C70474FF0000200B513465A
:1004700094469646203922BFA0E80C50A0E80C50C4
:10048000B1F12001BFF4F7AF090728BFA0E80C5075
:1004900048BF0CC05DF804EB890028BF40F8042B6E
:1004A00008BF704748BF20F8022B11F0804F18BFDB
:1004B00000F8012B704700004FF0013C50F8042B6E
:1004C00051F8043B9A4221D1A2EB0C03934313EA67
:1004D000CC1317D150F8042B51F8043B9A4215D194
:1004E000A2EB0C03934313EACC130BD150F8042B6B
:1004F00051F8043B9A4209D1A2EB0C03934313EA4F
:10050000CC13DBD04FF00000704700BFD01A01BA07
:10051000B1FA81F101F0180122FA01F0CB40DBB20F
:10052000C0B2C01AC1F120012CFA01F3D11A9143D3
:1005300011EAC311E6D1704770477047704770B534
:10054000044685690068C10601D5302600E02026F2
:10055000C00707D070BDD4E9012130469047206A1A
:10056000401C20626D1EF6D570BD70B504468569CD
:100570000078C00707D170BDD4E901212020904741
:10058000206A401C20626D1EF6D570BD09684A05C0
:1005900001D540B27047C905FCD500B27047096863
:1005A0004A0501D5C0B27047C905FCD580B2704775
:1005B00070B50C460546012A05D02878800600D57E
:1005C000EA69002302E0012305E05B1C934202D2AA
:1005D000E05C0028F9D1A869E618C01AA861286A69
:1005E000184428622846FFF7AAFF04E0D5E9012154
:1005F00014F8010B9047B442F8D32846FFF7B5FF33
:1006000070BD00002DE9F0410646002410687529F0
:10061000314616A510D0FFF7B9FF002802DA404294
:1006200013A507E031688A0701D512A502E0490742
:1006300004D511A5012401E0FFF7B1FF00210A2232
:1006400006F1240709E0B0FBF2FCB0FBF2F302FB79
:100650001C00303078541846491C0028F3D123463A
:100660002A463046BDE8F04100F0D0BA0000000054
:100670002D0000002B00000020000000116802681F
:10068000006A530501D508700AE0D30501D508803A
:1006900006E0130603D5C217C1E9000200E00860B6
:1006A0000120704701694A1C02610878704700B553
:1006B0008FB0CDE901310021059105497944CDE99B
:1006C00003101146684600F029F90FB000BD000084
:1006D000E5FFFFFF0A6802F8010B0A60704700009F
:1006E0002DE9FF5F15468A460446DFF8AC80F844E2
:1006F0000027D8E900103E46CDE9001010E03AF896
:1007000016106A4602A800F093FE411C07D021781B
:10071000890603D5E269391891420DD80744761C41
:100720002078800602D5E069B84205DDAE42E6DBFE
:100730003AF816000028E2D1A069C01BA06120464B
:10074000FFF7FDFED8E90010CDE90010002017E00A
:100750003AF818106A4602A800F06AFEB0F1FF3FAE
:1007600081460BD000250DF1080B05E0D4E90121ED
:100770001BF8050090476D1C4D45F7D308F10100AB
:10078000B0428046E4DB206A384420622046FFF70E
:10079000ECFEBDE8FF9F0000868E00002DE9F041D1
:1007A0008046D21D22F007020025D2E90002F52979
:1007B00015A614D0011E72F1000106DA0023D0EB59
:1007C000030063EB020211A608E0D8F800108B07C3
:1007D00001D50FA602E0490701D50EA60125114655
:1007E000002408F1240704E000F0CBF930323A5538
:1007F000641C50EA0102F7D12B463246214640469E
:10080000BDE8F04100F002BA000000002D00000039
:100810002B0000002000000030B4002100F124046F
:1008200008E002F00705D208303542EA4372DB08DF
:100830006554491C52EA0305F3D10468002310A251
:10084000250708D504F020040C4304D0C469012313
:100850000CA2641EC46130BC00F0D8B910B50446C7
:1008600021461068FFF79BFE02462046BDE8104077
:100870000023D1E7D21D22F00701D1E90023CBE705
:100880000000000030000000F0B40D4601880905AA
:1008900002D5214C7C4402E01F4C7C440E340021E4
:1008A00000F1240608E002F00F071209E75D42EAB2
:1008B00003721B097754491C52EA0307F3D10278EB
:1008C0000023120704D5702D06D009B1022311347C
:1008D0002246F0BC00F09AB901231034F8E770B555
:1008E00004460D4621461068FFF759FE0246294688
:1008F0002046BDE870400023C6E7D21D22F0070362
:10090000D3E90023C0E70368126843F020030360C3
:100910000823C3610023B7E7E88C00002DE9F05FEE
:10092000894604464FF0000ADFF874B1FB44C0F872
:1009300020A02046E1688847002874D0252806D0EA
:10094000D4E901219047206A401C2062F1E700268B
:100950005F462046E16888472028054607DB312DA1
:1009600005D2781910F8200C08B10643F1E7B0075A
:1009700001D526F00406C4F81CA00027C4F818A06E
:100980002A2D09D0284607F0D7FF38B304EB870893
:10099000303DC8F8185019E059F8041B204604EB04
:1009A00087029161E1688847012F054618D1E06907
:1009B000002820DA26F020061DE0D8F8180000EB09
:1009C000800005EB40003038C8F818002046E16888
:1009D0008847054607F0B0FF0028EED1012F0AD066
:1009E0002E2D08D12046E16888477F1C0546022F3E
:1009F00046F02006C4DBA069002803DA404246F036
:100A00000106A061F00701D026F010066C2D0BD076
:100A1000682D09D04C2D39D06A2D35D0742D35D0A4
:100A20007A2D33D016E038E0E1682F46204688471B
:100A3000B842054609D16C2F26D04FF48060E1689A
:100A4000064320468847054604E06C2F1AD04FF431
:100A5000807006430DB3A5F14100192802D8203556
:100A600046F400664A462946204626604E46FFF771
:100A70008DFB80B101280BD0F61D26F0070000F198
:100A8000080956E74020E4E78020D8E70020D6E7B1
:100A900006F104094DE7284652E7206ABDE8F09FB9
:100AA000788C000010B5203AC0F00B80B1E81850E7
:100AB000A0E81850B1E81850A0E81850203ABFF448
:100AC000F5AF5FEA027C24BFB1E81850A0E81850E7
:100AD00044BF18C918C0BDE810405FEA827C24BF3B
:100AE00051F8043B40F8043B08BF7047D20728BFC9
:100AF00031F8023B48BF11F8012B28BF20F8023B18
:100B000048BF00F8012B7047431A28BF9A427FF66E
:100B1000C9AF1044114410F0030F1EBF11F8013D7E
:100B2000521E00F8013D10F0030F7FF4F6AF103AAB
:100B3000C0F00A8010B531E9185020E91850103A79
:100B4000BFF4F9AFBDE81040530724BF31E90810E6
:100B500020E9081044BF51F8043D40F8043D12F06C
:100B6000030F08BF7047D20728BF31F8023D48BFC6
:100B700011F8012C28BF20F8023D48BF00F8012CD5
:100B8000704730B5B0F10A0271F100034FEA900EE0
:100B90004EEA817EB0EB0E0061EB91014FEA101E30
:100BA0004EEA017E10EB0E0041EB11114FEA102EC0
:100BB0004EEA016E10EB0E0041EB11214FEA104E90
:100BC0004EEA014E10EB0E0041EB1141401841F18D
:100BD00000014FEAD00040EA41704FEAD1014FEAEC
:100BE000810444EA907410EB800544EB01046D1914
:100BF00044EB0404521BA3414FF0000348BF0A32E8
:100C000000D530BD401C41F1000130BD2DE9F04759
:100C10000D4699469246044600F12408016888066C
:100C200004D5E06921F01001216000E00120A84214
:100C300001DD471B00E00027A1697A1902EB0900DA
:100C4000081AA0612078C00602D42046FFF777FC7E
:100C5000002608E0D4E901211AF806009047206A2E
:100C6000401C761C20624E45F4DB2078C0060AD575
:100C70002046FFF764FC06E0D4E9012130209047CC
:100C8000206A401C2062381EA7F10107F4DC07E04F
:100C9000D4E9012118F805009047206A401C206221
:100CA000281EA5F10105F3DC2046FFF75EFC207845
:100CB000000602D50220BDE8F0870120FBE72DE900
:100CC000FF4F0C461E464FF0FF378BB0D2E90001B4
:100CD000DDF860800A908A46C1F30A5505B93D46A1
:100CE000002108464FF00000BAF1000F00F4400068
:100CF00005DA00EB80004FF4400101EA50004FEAB2
:100D00009059B9F1010F00DDB9460A9850EA4A003E
:100D10000ED044F61050A5F2FF3545432F14B8F11C
:100D2000000F1ED07542291E1EDDC9F100021CE015
:100D3000B8F1010F4FF0000001D0302103E0F24381
:100D400005E02154401CB042FBDB3046002200216C
:100D500021540B99C1F80880C1E900200FB0BDE80B
:100D6000F08FBD1B6D1CDEE74A4600DA694206A81B
:100D700000F0F8FB06AB93E8070003AB83E807003D
:100D800050460A9907F0FCF98DE80700A0F50050DD
:100D90001F3800900398002D0ADD42F21F014A46D9
:100DA0000844002303A90390684607F065FC09E0A6
:100DB000A0F500504A461F38002303A90390684657
:100DC00007F06FFC8DE807000004000C03D04FF023
:100DD000FF30410800E01046B8F1000F03D00022B8
:100DE000009215461EE0751E05D4FFF7CAFE30328C
:100DF00062556D1EF9D5B3460122084302D0002288
:100E00007F1C04E02078302801D100227F1E002AB8
:100E1000099784D01DE0112D07DAFFF7B2FE3032BA
:100E200062556D1C50EA0102F5D1084302D00098CA
:100E3000C8B10EE00021681E05E0235C625C6354CB
:100E40002254401E491C8142F7DBAB46A81B401EC2
:100E50000990002004F80B000B98099AC0F808804C
:100E6000C0E9002B7AE711264FF0000857E72DE97B
:100E7000F04F88460446D21D22F0070191B0D1E917
:100E80000001CDE90A0107F043FD02460B98C00FAF
:100E900001D02D2007E02068810701D52B2002E03A
:100EA000202101EAC000032A099001D0072A05DBAE
:100EB00003464146204600F015FB0BE120788006F2
:100EC00001D5E06900E00620B8F1650F814606D043
:100ED000B8F1660F18D0B8F1670F70D131E000207B
:100EE000B9F1110F009001DB112301E009F10103B9
:100EF0000AAA01A90CA8FFF7E2FEDDE90C700026A2
:100F000009F10105834647E001204B4600904FF070
:100F100000470AAA01A90CA8FFF7D1FEDDE90DB030
:100F20000C995D46002610B909F101000D18B9EBC6
:100F3000050003D4C0F1FF3609F10105A5EB090056
:100F40002BE0B9F1010F01DA4FF001090020B9F1EE
:100F5000110F0090484601DD112300E003460AAA64
:100F600001A90CA8FFF7ABFEDDE90C704D46002689
:100F70008346207800070AD4AB4500DA5D4601A815
:100F8000012D04DD411911F8011C302907D04F450E
:100F900002DA17F1040F04DA012082460FE06D1E19
:100FA000EEE7002F02DCED1B3E4403E0781CA84274
:100FB00000DD7D1CB81B00F1010A4FF000472078CE
:100FC000000703D4AA4501DB4FF0FF3A0021B7F137
:100FD000004F0DF143088DF8431024D002202B233D
:100FE000002F01DA7F422D230A21021EA0F1010009
:100FF00000DC5FB197FBF1FC97FBF1F201FB1C7C7D
:1010000017460CF1300C08F801CDEEE7A8F101000D
:1010100003702188090501D5452100E06521A0F173
:10102000010800F8011C09980FA9A1EB0807FF1D92
:1010300000B10120411901EBEA70A1693844081A96
:10104000401EA0612078C00602D42046FFF777FA40
:10105000099828B1D4E901219047206A401C2062F8
:101060002078C00622D52046FFF769FA1EE0002E40
:1010700004DBB34502DD01A8805D00E03020D4E947
:1010800001219047206A401C2062761CAAF10100D1
:101090005FEA000A0AD100F021FAC0680168405CEA
:1010A000D4E901219047206A401C2062281EA5F146
:1010B0000105DCDC07E0D4E9012118F8010B9047B9
:1010C000206A401C2062381EA7F10107F3DC20468D
:1010D000FFF74BFA032011B041E600002DE9F04F75
:1010E00004460D46D21D22F0070089B0D0E90097D2
:1010F0004846394607F00CFC0246F80F01D02D2374
:1011000007E02068810701D52B2302E0202101EAB6
:10111000C0038DF820300BB1012000E00020032A2D
:10112000824601D0072A04DB2946204600F0DAF97E
:101130003FE12078800601D40D2500E0E569C7F382
:101140000A560D2D49DA00214FEA175B08464FF089
:101150000000002F00F4400007DA00EB80004FF49D
:10116000400100EBD07001EA60008115012901DD2A
:101170004FF0FF3100224FEA850CBCF1180F06D367
:101180001346ACF118004FF08052C24003E04FF418
:10119000801323FA0CF30CF10C0CBCF1200F04D3D8
:1011A000ACF1200C09FA0CF001E007FA0CF0002970
:1011B0004FF0004801DD18B90FE00ED140450CD3C7
:1011C00019EB02095F4121B9404502D19F4329EA49
:1011D0000209BBEB175F00D0761C2088000502D502
:1011E0007B48784402E07A487844193808AA3023CA
:1011F00002F80A30037C0AF10101002E0AF1020A0A
:1012000053546A4602DC4FF0300101E04FF03101E7
:101210004FF001088DF8001002D0A6F2FF3603E06F
:1012200059EA470100D06B4E002D02DC21780907F6
:1012300004D54FF002082E218DF80110C44600217C
:101240000BE0C7F303433F01C35C491C6D1E02F86A
:101250000830052908F1010801DA002DF1DC002130
:101260000CE000EB1973491C1B786D1E082902F86D
:1012700008304FEA091908F1010801DA002DF0DC05
:1012800021688B0602D516E0A8F10108E04505DDCE
:1012900002EB080313F8013C302BF5D0B8F1000F36
:1012A00009DD02EB080313F8013C2E2B03D10907DB
:1012B00001D4A8F10108002D05DD3E2102F8081037
:1012C0006D1E08F10108407C002E02F8080008F1AC
:1012D000010804DA2D20764202F8080002E02B20F3
:1012E00002F808000A214FF47A70864208F10108DA
:1012F0000BDB96FBF0F3303302F8083096FBF0F38B
:1013000008F1010800FB136601E0642E0CDB642089
:1013100096FBF0F3303302F8083096FBF0F308F157
:10132000010800FB136601E00A2E06DB96FBF1F0D4
:10133000303002F8080008F1010896FBF1F001FBDB
:101340001060303002F80800A16908F1010808EBCC
:10135000050202EB0A00081AA0612078C00602D438
:101360002046FFF7ECF8216A08AE01EB0A00206284
:1013700004E0D4E9012116F8010B9047BAF1010A03
:10138000F7D22078C00602D52046FFF7D8F86E467F
:1013900009E016F8010B3E280FD0D4E9012190474F
:1013A000206A401C2062B8F10108F2D22046FFF703
:1013B000DCF809B00320BDE8F08F206A28442062E1
:1013C00003E0D4E90121302090476D1EEBD3F8E70C
:1013D000E683000002FCFFFF10B5436913B1AFF3D1
:1013E000008001E0FFF7E4F8012010BD127800F161
:1013F00024010A7000224A700122EDE711684FF0C3
:10140000FF32E9E710B5436913B1AFF3008001E0A3
:10141000FFF766F9012010BD128800F124018284D3
:101420000022C2840122EDE711684FF0FF32E9E7A4
:101430002DE9F04116460C46054600F047F80368D2
:1014400093F80101012807D0FF2C12D8185D80B154
:1014500001202C70BDE8F081D3F807013246214607
:1014600003F20713C7182846BC46BDE8F041002325
:1014700060474FF0FF30EDE700487047280000203C
:101480007546FFF7F9FFAE4605006946534620F062
:101490000700854618B020B5FEF7F0FEBDE82040F5
:1014A0004FF000064FF000074FF000084FF0000B20
:1014B000AC46ACE8C009ACE8C009ACE8C009ACE88F
:1014C000C00921F007018D467047000010B500F0FB
:1014D00005F8001D10BD00BF9D7400000048704756
:1014E000480000202DE9F0411F460446032601680C
:1014F000072A01F4006004DB08B116A505E016A573
:1015000003E008B115A500E015A521F0100020604A
:10151000A069C01EA0610FB1401EA0612046FFF768
:101520000EF84FB1D4E9012138469047206A401C9B
:101530002062C01C206206E0206AFAE7D4E901219B
:1015400015F8010B9047761EF8D22046FFF70DF8EC
:10155000BDE8F0814E414E006E616E00494E46007E
:10156000696E66002DE9F047814616468AB0354817
:1015700078440DC88DE80D0032487844801C03ACD7
:101580000DC884E80D0041F69B300844372190FBDC
:10159000F1F290FBF1F5A5F1800501FB12041B3C73
:1015A00002D56442012000E00020DFF898A08046C8
:1015B0000027FA44AAF1BE0A0EE0E0070AD032463C
:1015C000684607EB470101230AEB810107F069F840
:1015D0008DE8070064107F1C002CEED1194F7F446A
:1015E000AE3F19E0E80715D007EB04100DF1180A1B
:1015F00090E80E008AE80E00C068F04201D1981908
:1016000008903246012306A903A807F04AF803AB65
:1016100083E807006D10641C002DE3D14FF0010337
:1016200032466946B8F1000F03A802D007F024F84B
:1016300001E007F036F8C9E90001C9F808200AB04E
:10164000BDE8F087E880000010B50446AFF30080E5
:101650002046BDE81040FEF7FCBD000001491820FF
:10166000ABBEFEE726000200704700002DE9F04106
:101670000D46804602F0E2FA064602F0DFFA801BD1
:10168000A84213D240F60007C4F2010706F004FB9B
:101690003846012102F0C6FA012807D0142002F0D2
:1016A000BDF802F0CBFA801BA842EFD302F0C6FAD5
:1016B000801BA84280F08E8002F0C0FA064602F03D
:1016C000BDFA801B40F6B737B8420ED840F6B834A2
:1016D00006F0E2FA05F040FA38B1502002F09EF828
:1016E00002F0ACFA801BA042F2D302F0A7FA801BF2
:1016F000B8426FD8012005F08BF900286AD102F0BA
:101700009DFA064602F09AFA801BA84214D240F6CF
:101710000007C4F2010700BF06F0BEFA38460121F7
:1017200002F080FA012807D1142002F077F802F0C5
:1017300085FA801BA842EFD302F080FA801BA842F2
:1017400048D2C82002F06AF802F078FA064602F0A1
:1017500075FA801BA84213D240F60007C4F20107B5
:1017600006F09AFA3846012102F05CFA012807D007
:10177000142002F053F802F061FA801BA842EFD364
:1017800002F05CFA801BA84224D202F057FA054608
:1017900002F054FA401B40F6B736B0420ED840F67D
:1017A000B83406F079FA05F0D7F938B1502002F0D4
:1017B00035F802F043FA401BA042F2D302F03EFAA1
:1017C000401BB04206D8022005F022F910B905F0FE
:1017D00069FA10B10020BDE8F0810120414605F012
:1017E000E9FBB0FA80F04009BDE8F08180B5012145
:1017F00005F03AF8B0FA80F0400980BDF0B581B04C
:101800000D46044602F01AFA064602F017FA801B4B
:10181000A84213D240F60007C4F2010706F03CFAD2
:101820003846012102F0FEF9012807D01E2001F000
:10183000F5FF02F003FA801BA842EFD302F0FEF995
:10184000801BA84222D202F0F9F9054602F0F6F90F
:10185000401B40F6B736B0420FD840F6B83700BF4D
:1018600006F01AFA05F078F938B1502001F0D6FFE9
:1018700002F0E4F9401BB842F2D302F0DFF9401B5A
:10188000B04203D8012005F0C3F810B1002001B028
:10189000F0BD6B4601200021802205F09BFA014635
:1018A000002009B101B0F0BD002C1CBFBDF8000044
:1018B0002080012001B0F0BD2DE9F04FC3B00646F5
:1018C00002F0BCF9834602F0B9F9A0EB0B00B0427C
:1018D0004FF0000080F0CE8003AF40F24E7A40F22D
:1018E000527440F24E68781EC2F2000AC2F200043E
:1018F000C2F200080290CDF804B000BF06F0CCF9A7
:10190000EFF3108072B6BAF800002188884207D23F
:101910002088BAF80010081A00F5807004E000BFB3
:10192000BAF800002188401A80B20B2862B605D8A8
:101930000220022501F072FF79E000BFEFF3108072
:1019400072B6BAF800002188B446884206D22088D0
:10195000BAF80010081A00F5807003E0BAF8000029
:101960002188401A81B20E46B1F5807F28BF4FF41E
:101970008076228859B1029B304600BF95B218F894
:101980000550013203F8015F0138D2B2F6D10929BE
:101990004FF0000962B638BF4FF0010906D20425A6
:1019A00066465FEAC9703AD13DE000BF6446A6F1E1
:1019B00009034FF0000B002516E0B1F807000922DB
:1019C00000BA02EB104A1FFA8AF202EB0B00B04297
:1019D00039D900BF01351FFA85FB5B454FF000097F
:1019E000B8BF4FF001090FDB17F80B00EF28F1D15A
:1019F0000BEB070148780128ECD188790728DCD067
:101A00000228DAD0E6E700BF0425DDF804B040F292
:101A10004E7A2646C2F2000A5FEAC97003D002205D
:101A200001F0FCFE002540F25274C2F2000445F0C1
:101A30000200022821D102F001F9A0EB0B00B04214
:101A4000FFF45CAF15E040F28800C2F20000FEF740
:101A500084FC40F25272EFF3108072B6C2F20002C0
:101A600010880AEB0B010844C0B2108062B6012551
:101A7000CBE7002043B0BDE8F08F40F28800C2F20F
:101A8000000043B0BDE8F08F40F24E7CC2F2000C83
:101A9000BCF8002040F25273C2F2000301321B88EE
:101AA000D2B29A4206D140F25070C2F20000012137
:101AB00001707047BCF8003040F24E61C2F2000184
:101AC000C854ACF8002070472DE9F04782B040F2CE
:101AD0001551C2F20001522005F0A4FC38B940F2C1
:101AE0001954C2F20004204605F0B4FB10B102B054
:101AF000BDE8F08740F20C09C2F2000999F80050E5
:101B000099F8016099F8023099F8032040F2100C1E
:101B100040F2140E40F21808FF2DC2F2000CC2F27F
:101B2000000EC2F2000808BFFF2E11D09CF8000082
:101B3000FF2813D19CF80100FF280FD19CF8020068
:101B4000FF280BD19CF80300FF2807D1012030E0CB
:101B5000FF2BEBD1FF2AE9D100202AE09EF80000FC
:101B6000FF280DD19EF80100FF2809D19EF8020040
:101B7000FF2805D19EF80300FF2801D1022018E0BC
:101B800098F8030098F80270C0B298F800A098F88E
:101B90000110FF284FF00400FFB208BF032001EA44
:101BA0000A014FF0040AFF2F18BF5046FF2918BF43
:101BB0005046217840F25677C2F20007A9423870A9
:101BC0000AD16078B04207D1A078984204D1E07879
:101BD000904204BF052038709CF80000814210D16B
:101BE00060789CF8012090420BD1A0789CF80220EC
:101BF000904206D1E0789CF80320904204BF052073
:101C000038709EF80000814210D160789EF8012063
:101C100090420BD1A0789EF80220904206D1E07845
:101C20009EF80320904204BF0520387098F8000009
:101C3000814210D1607898F8012090420BD1A078B1
:101C400098F80220904206D1E07898F8032090425C
:101C500004BF05203870387805283FF648AFDFE824
:101C600000F0034919316A7A6278A378E7784DF277
:101C70000000C0F6000089F8001089F8012089F8FA
:101C8000023089F80370009701F0D4FA03F04CFF9A
:101C90004DA246E04DF200006278A378E778C0F6E6
:101CA000000000F500608EF800108EF801208EF81C
:101CB00002308EF80370009701F0BCFA03F034FF95
:101CC00039A22EE04DF200006278A378E778C0F6E2
:101CD000000000F5406088F8001088F8012088F8BE
:101CE000023088F80370009701F0A4FA03F01CFF9B
:101CF00029A216E04DF200006278A378E778C0F6DA
:101D0000000000F580608CF800108CF801208CF841
:101D100002308CF80370009701F08CFA03F004FF96
:101D200025A210201C21082304F0DCFB04F08EFC0B
:101D300000F082FD1BE003F0F7FE10A21C201C2126
:101D4000082304F0CFFB04F081FC00F08DFD41F28C
:101D5000883005F0BFFF03F0E7FE0BA218201C211E
:101D6000082304F0BFFB04F071FC00F07DFD41F29C
:101D7000883002B0BDE8F04705F0ACBFBFA8CEBBCD
:101D8000D2D1C2FAA3A10000D0C2BFA8D2D1B4E67A
:101D9000D4DAA3A100000000C2BCC8EBBFA8CBC42A
:101DA000B3C9B9A6A3A10000C2BCC8EBBFA8C8FDB7
:101DB000B3C9B9A6A3A10000C2BCC8EBBFA8B6FEB8
:101DC000B3C9B9A6A3A10000C2BCC8EBBFA8D2BBCF
:101DD000B3C9B9A6A3A1000010B540F20814C2F21D
:101DE000000400BF05F058FF05F0C4FD78B903F00A
:101DF00097FA0028207018BF05F0D4FD00F02CF8E9
:101E0000FFF762FE20780028ECD0002010BD03F020
:101E10008BFE4BF2B872C0F6000214201C2108237E
:101E200004F060FB04F012FC00F0EEFC0020002443
:101E300003F0ACFD40F22950C2F20000047040F201
:101E40000400C2F200000121017040F20D10C2F244
:101E500000000470002010BD2DE9F04F8BB005F09C
:101E60008FFC40F21000C2F20000417807780A911E
:101E70008178C07840F21409C2F2000909910890F3
:101E800099F8000040F20C0B079099F80100C2F29B
:101E9000000B069099F802009BF80080059099F8D5
:101EA00003009BF80160049040F21800C2F20000A9
:101EB00001789BF80250039141789BF8034002910E
:101EC000817890F803A0019103F02EFEB8F1FF0F86
:101ED0002FD1FF2E2DD1FF2D2BD1FF2C29D1FF2F5C
:101EE00027D10A98FF2824D10998FF2821D10898E2
:101EF000FF281ED10798FF281BD10698FF2818D16C
:101F00000598FF2815D10498FF2812D10398FF28BF
:101F10000FD10298FF280CD10198FF2809D1BAF1FE
:101F2000FF0F06D176A218201C21082304F0DAFA4C
:101F3000E1E04BF26372C0F60002002000210823AA
:101F4000002604F0CFFA202000213A22082304F0D2
:101F500095F94BF2D672C0F600020020102108233A
:101F600004F0C0FA202010213A22082304F086F958
:101F70004BF2CA72C0F6000200202021082304F0B0
:101F8000B1FA202020213A22082304F077F94BF2FD
:101F90007C72C0F6000200203021082304F0A2FA6F
:101FA000202030213A22082304F068F94BF21674FD
:101FB000CA4640F21809D84640F2100BC0F6000499
:101FC000C2F20009C2F2000B282000EB061018F83C
:101FD000067005B22846002108222346009704F027
:101FE00003F91BF8067028461021082223460097A3
:101FF00004F0FAF81AF80670284620210822234631
:10200000009704F0F1F819F80670284630210822EC
:102010002346009704F0E8F80136042ED4D198F84E
:102020000000FF2816D198F80100FF2812D198F877
:102030000200FF280ED198F80300FF280AD149F2C8
:10204000C467C0F6000700200021802210230097FB
:1020500004F048F940F21001C2F200010878FF28AC
:1020600013D14878FF2810D18878FF280DD1C8787F
:10207000FF280AD149F2C467C0F6000700201021EA
:1020800080221023009704F02DF99AF80000FF2811
:1020900016D19AF80100FF2812D19AF80200FF2801
:1020A0000ED19AF80300FF280AD149F2C467C0F69E
:1020B00000070020202180221023009704F012F94D
:1020C00040F21801C2F200010878FF2813D14878C5
:1020D000FF2810D18878FF280DD1C878FF280AD1B1
:1020E00049F2C467C0F60007002030218022102387
:1020F000009704F0F7F80BB0BDE8F04F04F0A6BA73
:10210000C7EBC2BCC8EBD0C2BFA8A3A100000000AF
:102110002DE9F04182B0804601F054F903284FF0D8
:10212000000038D86D46AF1C01260AE05A1C8242D6
:102130004FF0000238BF0122FAB1042906F101066E
:102140001AD22846042101F053F900280246B1B200
:1021500018BF0122F0D0BDF800208A42EDD0421E07
:10216000D2B200242346A242E0D037F813408C427A
:1021700003F10104F6D1D9E7002630040ED0701E19
:1021800080B24146FFF772FA40B1F0B201F0E6F8D2
:10219000002818BF012002B0BDE8F081002002B085
:1021A000BDE8F0812DE9F04381B005F075FD05F043
:1021B000E1FB30B303F0B8FC4BF2B872C0F600029A
:1021C00014201C21082304F08DF904F03FFA00F0DC
:1021D0001BFB0020002403F0D9FB40F22950C2F27F
:1021E0000000047040F20400C2F2000001210170FE
:1021F00040F20D10C2F200000470002001B0BDE8F2
:10220000F08340F20815C2F2000540A40FF2141842
:1022100041F287360FF200190FE000BFC82001F02D
:10222000FDFA502001F0FAFA28780028E5D105F0EF
:1022300033FD05F09FFB0028BCD103F071F80028A6
:10224000287018BF05F0AEFB00F072F804F01CFD1A
:102250000028E6D01E2001F0E1FA04F015FD88B355
:1022600003F062FC14201C212246082304F03AF9F2
:1022700054201C212E22082304F000F85C201C218D
:102280002E22082303F0FAFF64201C212E220823AB
:1022900003F0F4FF04F0DAF942F21070FFF738FFB0
:1022A000074603F041FC1C201C217FB14A4608234D
:1022B00004F018F904F0CAF900F0BEFA4FF41670F1
:1022C0000EE000BF502001F0A9FAB0E74246082313
:1022D00004F008F904F0BAF900F0C6FA4FF4C87037
:1022E00001F09CFA01F0AAFC074600BF04F0CCFC08
:1022F000002893D001F0A2FCC01BB0428ED805F09C
:10230000CBFC322001F08AFAF0E700BFD5FDD4DA29
:10231000C2BCC8EB00000000C2BCC8EBB3C9B9A680
:10232000A3A10000C2BCC8EBCAA7B0DCA3A10000F7
:102330002DE9F04F87B04FF0FF30CDE9020002A841
:10234000042101F055F803F0EFFB4BF26872C0F680
:10235000000200200021082304F0C4F830200021EE
:102360003A2208234FF0300903F088FF4BF2DB726A
:10237000C0F6000200201021082304F0B3F830203A
:1023800010213A22082303F079FF4BF2CF72C0F6F6
:10239000000200202021082304F0A4F8302020218E
:1023A0003A22082303F06AFF4BF28172C0F6000262
:1023B00000203021082304F095F8302030213A2203
:1023C000082303F05BFF05AC49F2C466A71C012596
:1023D00043F2300A6FF00F08C0F6000618E000BFA5
:1023E00045F030008DF8170000208DF8180008EB3C
:1023F000051001B2382022460823ADF814A08DF84C
:10240000169004F06FF8BBF1040F05F101052CD212
:102410002046042100F0ECFF002801461FFA85FB4E
:1024200018BF012115D0BDF814105945D8D0411E50
:10243000C9B200231A46994205D037F812305B45DD
:1024400002F10103F6D1511C81424FF0000138BF67
:1024500001210029C4D108EB051001B2002080221F
:102460001023009603F03EFFCDE700F0ABFF0328FA
:1024700004D903F059FB0CA20C2004E038B903F096
:1024800053FB05A214201C21082304F02BF804F0B0
:10249000DDF807B0BDE8F08FC7EBC2BCC8EBD6B81B
:1024A000CEC6A3A100000000D6B8CEC6D2D1C2FAD3
:1024B000CBC4B8F6A3A1000070B590B04EF20046B0
:1024C000C0F6000632680C46B2F1A73F054638D187
:1024D0004EF20441C0F6000130680968CDE90601FA
:1024E0004EF208404EF20C41C0F60000C0F600016A
:1024F00000680968CDE908014EF210404EF214411F
:10250000C0F60000C0F6000100680968CDE90A01C4
:102510004EF218404EF22441C0F60000C0F6000111
:10252000006809680C900F914EF220404EF21C4159
:10253000C0F60000C0F6000100680968CDE90D1082
:1025400003E006A82821FDF78FFFBDF81C00102826
:1025500012D2BDF81E1005F00F0242EA012106AAB0
:10256000002C18BF012441EA041102EB40020130A3
:102570001181ADF81C0013E006A901F108000A3131
:102580001E22FDF72FFFBDF81E0005F00F0141EAE6
:102590000020002C18BF012440EA0410ADF83E00D2
:1025A000BDF81E0000250130ADF81E00019501F0B8
:1025B0001FFA01200590039002A801A90295049634
:1025C00001F040F906AC00BF611970198A88011D3D
:1025D0000120002301F0AAF90235242DF4D10025B1
:1025E000625BA9190120002301F0A0F90235022D38
:1025F000F6D001F091F910B070BD00004EF200402D
:10260000C0F600000168B1F1A73F0CBF8088002030
:10261000704700000F288FBF00204EF20841C0F61F
:10262000000131F8100070472DE9F04F81B005F03E
:1026300033FB05F09FF930B303F076FA4BF2B87232
:10264000C0F6000214201C21082303F04BFF03F006
:10265000FDFF00F0D9F80020002403F097F940F2C4
:102660002950C2F20000047040F20400C2F20000DF
:102670000121017040F20D10C2F200000470002030
:1026800001B0BDE8F08F40F20814C2F200040FF26E
:10269000EC0908270FE000BF03F0D8FF962001F0F7
:1026A000BDF805F0F9FA05F065F940F208140028C4
:1026B000C2F20004C0D102F033FE0028207018BF1F
:1026C00005F070F920780028D9D1FFF797FF002492
:1026D00005464FF0000B022888BFC41E03F024FA01
:1026E000082000211CA2082303F0FCFE1FFA84FA34
:1026F000B5EB0A0838BFD846D845CDD00AEB0B0059
:10270000C0B2FFF787FF064600F00F04020A102050
:1027100000EB0B1005B2002029460323009703F0BD
:1027200077FE10A2032C9CBF0FA050F8242020207D
:102730002946082303F0D6FEF0064A460EA058BFED
:10274000024648202946082303F0CCFE0BF1010B7A
:10275000BBF1030FD0D19FE7BFAACBF8C8D5D6BE37
:10276000000000003F0000000AB7000805B700089D
:102770000EB7000813B70008455252004F4B000037
:1027800010B505F0F7F84FF0000410B303F0CCF9E2
:102790004BF2B872C0F6000214201C21082303F08B
:1027A000A1FE03F053FF00F02FF8002003F0EEF835
:1027B00040F22950C2F20000047040F20400C2F25C
:1027C00000000121017040F20D10C2F200000470FF
:1027D0000124204610BD0000FEE7000010B540F6C1
:1027E0000044C4F2010420464FF48071002201F03D
:1027F0001FFA322001F012F820464FF480710122B6
:10280000BDE8104001F014BA10B540F60044C4F21F
:10281000010420464FF48071002201F009FA4FF4C0
:10282000487000F0FBFF20464FF480710122BDE8A4
:10283000104001F0FDB9000010B540F60044C4F2AC
:10284000010420464FF48071002201F0F1F94FF4A9
:10285000C87000F0E3FF20464FF480710122BDE80C
:10286000104001F0E5B9000010B540F60044C4F294
:10287000010420464FF48071002201F0D9F9C820EC
:1028800000F0CCFF20464FF480710122BDE81040DB
:1028900001F0CEB94EF6FC50CEF20000016841F0D6
:1028A0008071016041F20000CEF200000021416021
:1028B000016841F0010101607047000070470000AD
:1028C0000138032888BF704710B5DFE800F00245E3
:1028D000172E40F20C04C2F200042078FF2808D121
:1028E0006078FF2805D1A078FF2802D1E078FF2882
:1028F00042D04DF20000C0F6000058E040F214044F
:10290000C2F200042078FF2808D16078FF2805D1A2
:10291000A078FF2802D1E078FF282DD04DF20000EA
:10292000C0F6000000F5006041E040F21804C2F279
:1029300000042078FF2808D16078FF2805D1A0780E
:10294000FF2802D1E078FF2816D04DF20000C0F633
:10295000000000F540602AE040F21004C2F20004DA
:102960002078FF281DD16078FF281AD1A078FF2891
:1029700017D1E078FF2814D103F0D6F84BF231726A
:10298000C0F600021C201C21082303F0ABFD03F05D
:102990005DFEFFF769FF4FF4C870BDE8104000F01E
:1029A0003DBF4DF20000C0F6000000F5806000F071
:1029B00027FC4FF0FF30206003F0B6F84BF21B729B
:1029C000C0F600021C201C21082303F08BFD03F03D
:1029D0003DFEFFF731FF4FF41670BDE8104000F0E8
:1029E0001DBF00002DE9F04105F056F904F0C2FFCB
:1029F00028B303F099F84BF2B872C0F60002142025
:102A00001C21082303F06EFD03F020FEFFF7FCFEFF
:102A10000020002402F0BAFF40F22950C2F2000068
:102A2000047040F20400C2F200000121017040F283
:102A30000D10C2F2000004700020BDE8F08140F2E9
:102A4000081440F2547540F21C07C2F20004C2F2AE
:102A500000054FF00008C2F2000708E02878FFF7F1
:102A60002FFF05F019F904F085FF0028C1D102F00D
:102A700057FC0028207018BF04F094FF207885F8D8
:102A800000800F28D8D0411E0C29D5D3102813D090
:102A90000E2809D00D2815D138780138010608BF55
:102AA000042038700EE000BF38780130C1B204292C
:102AB00088BF0120387005E003F036F803F0C6FD4A
:102AC0003878287038780138C1B20329C6D8060191
:102AD00000F00AF8F1B200206822102303F098FBFE
:102AE00003F0B4FDBAE700002DE9F04F81B004F027
:102AF00047FE4BF26372C0F600020020002108235B
:102B0000002603F0EFFC202000213A22082303F0E6
:102B1000B5FB4BF2D672C0F600020020102108234C
:102B200003F0E0FC202010213A22082303F0A6FB4A
:102B30004BF2CA72C0F6000200202021082303F0E5
:102B4000D1FC202020213A22082303F097FB4BF2EE
:102B50007C72C0F6000200203021082303F0C2FC82
:102B6000202030213A22082303F088FB4BF2167410
:102B700040F2100B40F2140A40F218094FF02808F6
:102B8000C0F60004C2F2000BC2F2000AC2F2000951
:102B900040F20C00C2F20000875D08EB061005B29F
:102BA0002846002108222346009703F01DFB1BF84E
:102BB00006702846102108222346009703F014FBD4
:102BC0001AF806702846202108222346009703F0B1
:102BD0000BFB19F80670284630210822234600977F
:102BE00003F002FB0136042ED2D140F20C00C2F2F7
:102BF00000000078FF281FD140F20C00C2F2000054
:102C00004078FF2818D140F20C00C2F20000807812
:102C1000FF2811D140F20C00C2F20000C078FF285A
:102C20000AD149F2C467C0F60007002000218022C3
:102C30001023009703F056FB9BF80000FF2816D1E5
:102C40009BF80100FF2812D19BF80200FF280ED14B
:102C50009BF80300FF280AD149F2C467C0F60007B9
:102C60000020102180221023009703F03BFB9AF8EC
:102C70000000FF2816D19AF80100FF2812D19AF817
:102C80000200FF280ED19AF80300FF280AD149F26A
:102C9000C467C0F60007002020218022102300977F
:102CA00003F020FB99F80000FF2816D199F80100E5
:102CB000FF2812D199F80200FF280ED199F80300DD
:102CC000FF280AD149F2C467C0F60007002030216E
:102CD00080221023009703F005FB01B0BDE8F08FC0
:102CE000B0B582B00446053810F1040F4DD36D46DF
:102CF0002846042100F07CFB0028014618BF012172
:102D000016D0BDF80010A14213D0411EC9B2AA1CB2
:102D1000002500BF2B46A94205D032F81350A5422A
:102D200003F10105F6D15A1C0021824238BF01216E
:102D3000C1B1601E80B2FEF759FD204600F082FB53
:102D400002F0F2FE4BF21B72C0F600021C201C21A6
:102D5000082303F0C7FB03F079FCFFF76DFD4FF488
:102D6000167010E002F0E0FE4BF23172C0F6000285
:102D70001C201C21082303F0B5FB03F067FCFFF7C0
:102D800073FD4FF4C87000F049FD02B0B0BD000003
:102D90002DE9F04104F080FF04F0ECFD28B302F0CF
:102DA000C3FE4BF2B872C0F6000214201C210823A7
:102DB00003F098FB03F04AFCFFF726FD00200024F7
:102DC00002F0E4FD40F22950C2F20000047040F22B
:102DD0000400C2F200000121017040F20D10C2F2A5
:102DE000000004700020BDE8F08140F2081440F2B9
:102DF000557540F21D07C2F20004C2F200054FF003
:102E00000008C2F2000708E02878FFF769FF04F025
:102E100043FF04F0AFFD0028C1D102F081FA002881
:102E2000207018BF04F0BEFD207885F800800F28C0
:102E3000D8D0411E0C29D5D3102813D00E2809D084
:102E40000D2815D138780138010608BF04203870E4
:102E50000EE000BF38780130C1B2042988BF0120DC
:102E6000387005E002F060FE03F0F0FB387828705F
:102E700038780138C1B20329C6D8060100F00AF833
:102E8000F1B200205822102303F0C2F903F0DEFB58
:102E9000BAE700002DE9F04F87B04FF0FF30CDE9E1
:102EA000020002A8042100F0A3FA02F03DFE4BF25A
:102EB0006872C0F6000200200021082303F012FB14
:102EC000302000213A2208234FF0300903F0D6F9D0
:102ED0004BF2DB72C0F6000200201021082303F041
:102EE00001FB302010213A22082303F0C7F94BF2EE
:102EF000CF72C0F6000200202021082303F0F2FA6E
:102F0000302020213A22082303F0B8F94BF28172D5
:102F1000C0F6000200203021082303F0E3FA30203D
:102F200030213A22082303F0A9F905AC49F2C4661E
:102F3000A71C012543F2300A6FF00F08C0F6000607
:102F400018E000BF45F030008DF8170000208DF824
:102F5000180008EB051001B2382022460823ADF80E
:102F600014A08DF8169003F0BDFABBF1040F05F123
:102F700001052CD22046042100F03AFA002801462F
:102F80001FFA85FB18BF012115D0BDF81410594553
:102F9000D8D0411EC9B200231A46994205D037F84D
:102FA00012305B4502F10103F6D1511C81424FF012
:102FB000000138BF01210029C4D108EB051001B27E
:102FC000002080221023009603F08CF9CDE707B093
:102FD000BDE8F08F2DE9F04182B021A21020002140
:102FE0000823002503F07EFA49F28C67C0F600073B
:102FF00004201C210E221023009703F073F949F2DC
:10300000A867C0F600076E201C210E22102300972F
:1030100003F068F903F01AFB40F21868C2F20008E6
:103020001E2700BF05EB850007EB800004B2D8F82F
:10303000006020461C212022082303F01FF95F2294
:1030400020461C210823AE42C8BF2A2203F016F9ED
:1030500003F0FCFA0135042DE4D102B0BDE8F081A3
:10306000C7EBCAE4C8EBD0C2C3DCC2EB000000006F
:103070002DE9F04182B021A2102000210823002573
:1030800003F030FA49F28C67C0F6000704201C21D7
:103090000E221023009703F025F949F2A867C0F625
:1030A00000076E201C210E221023009703F01AF94E
:1030B00003F0CCFA40F21868C2F200081E2700BFE5
:1030C00005EB850007EB800004B2D8F800602046CD
:1030D0001C212022082303F0D1F85F2220461C2166
:1030E0000823AE42C8BF2A2203F0C8F803F0AEFAA4
:1030F0000135042DE4D102B0BDE8F081CAE4C8EB8B
:10310000B3F5CABCC3DCC2EB000000002DE9F041FE
:1031100082B021A2102000210823002503F0E2F94B
:1031200049F28C67C0F6000704201C210E221023F0
:10313000009703F0D7F849F2A867C0F600076E20A1
:103140001C210E221023009703F0CCF803F07EFA26
:1031500040F21868C2F200081E2700BF05EB850088
:1031600007EB800004B2D8F8006020461C21202222
:10317000082303F083F85F2220461C210823AE4277
:10318000C8BF2A2203F07AF803F060FA0135042D53
:10319000E4D102B0BDE8F081CAE4C8EBCBC4CEBB39
:1031A000C3DCC2EB00000000EFF3108072B600BF7A
:1031B000FEE70000F0B585B04EF20006002504469B
:1031C000C0F60006009500F013FC0120049001A851
:1031D00069460195039600F035FB60B9002700258C
:1031E000E25BB9190120002300F0A0FB18B90237F7
:1031F000082FF5D1012500F08FFB284605B0F0BD62
:1032000010B586B0044600F0F3FB0020CDE90100C4
:1032100040F2FF3024EA000004900120059002A84B
:1032200001A900F00FFB00F077FB06B010BD000015
:10323000008870472DE9F04186B0DDF830801D46EA
:1032400017460C46064600F0D3FB0020CDE90100EE
:1032500040F2FF3026EA000004900120059002A809
:1032600001A900F0EFFA012031462246002300F0C8
:103270005DFBB11C01203A46002300F057FB311DD5
:1032800001202A46002300F051FBB11D01204246D7
:10329000002300F04BFB00F03FFB06B0BDE8F081DF
:1032A000F0B581B042F20C060446C4F2020600F00A
:1032B000C5FC3168C90715D13068800644BF20209D
:1032C00030603068C00608D43069C00705D1306866
:1032D000400702D4002001B0F0BD3068C00608D419
:1032E00000200FE00546671C2CD084BB032001B0F2
:1032F000F0BD40F22860C2F20000C16941F0020155
:10330000C16110203168490709D540F22861C2F235
:103310000001CA6940F0040042F00102CA6131694B
:10332000C9070BD040F22861C2F20001CA6942F01D
:103330000402CA61316921F001013161306001206C
:1033400001B0F0BD3068C007B6D0002FFAD000F051
:1033500075FC401BA042F5D9C8E70000411F11F1E0
:10336000040F3CBF0020704780B582B04EF20003CE
:103370000022C0F60003EC46D15A2CF802100232AB
:10338000082AF9D1002200BF3CF8121081420FD068
:103390000132042AF8D100224FF6FF733CF81210D4
:1033A000994208D00132042AF8D1002002B080BD31
:1033B000012002B080BD2CF812006046FFF7FAFE33
:1033C00002B080BD4EF200020021C0F600024FF6AE
:1033D000FF7C002332F8020B604518BF013302293D
:1033E000D8B288BF7047042801F10101F2D37047B9
:1033F00000284FF0000C18BF002902D15FFA8CF0B2
:103400007047B0B54EF200020023C0F600024FF63E
:10341000FF7E00244FF0000C158875451CBF0CF191
:10342000010C20F81450022B06D85FFA8CF40133FB
:103430008C4202F10202EFD3BDE8B0405FFA8CF09B
:1034400070470000411F11F1040F3CBF002070477E
:1034500080B582B04EF2000C0022C0F6000C694626
:1034600032F80C308B520232082AF9D1002200BF08
:1034700031F81230834205D00132042AF8D10020FD
:1034800002B080BD4FF6FF7021F812000846FFF72A
:1034900091FE02B080BD00002DE9F04F81B004F034
:1034A000FBFB04F067FA30B302F03EFB4BF2B8725C
:1034B000C0F6000214201C21082303F013F803F0C7
:1034C000C5F8FFF7A1F90020002402F05FFA40F2EE
:1034D0002950C2F20000047040F20400C2F2000061
:1034E0000121017040F20D10C2F20000047020466C
:1034F00001B0BDE8F08F40F2081840F204044BF22E
:10350000A27B4BF23C754BF249764BF2AF774BF214
:1035100095794BF26F7AC2F20008C2F20004C0F64D
:10352000000BC0F60005C0F60006C0F60007C0F6A6
:103530000009C0F6000A10E0082302F0D3FF0020C3
:1035400000216022102302F063FE03F07FF804F0F4
:10355000A3FB04F00FFA0028A6D101F0E1FE002839
:1035600088F8000018BF04F01DFA98F800000D2834
:103570000CD00E2802D010280ED1C6E020780130E1
:10358000C1B2072988BF012005E000BF20780138BB
:10359000010608BF07202070207801380628D6D8F9
:1035A000DFE800F019673149047F990002F0BCFAA6
:1035B0004BF2887200200021C0F60002082302F0BE
:1035C00091FF002010214A46082302F08BFF0020C3
:1035D00020215246B0E702F0A7FA002000215A4607
:1035E000082302F07FFF002010212A46082302F062
:1035F00079FF002020213246082302F073FF0020CB
:1036000030213A4698E702F08FFA002000215A460E
:10361000082302F067FF002010212A46082302F049
:1036200061FF002020213246082302F05BFF0020CA
:1036300030213A4663E002F077FA002000215A4632
:10364000082302F04FFF002010212A46082302F031
:1036500049FF002020213246082302F043FF0020CA
:1036600030213A46082302F03DFF0020302140225D
:1036700068E702F059FA002000215A46082302F0B8
:1036800031FF002010212A46082302F02BFF0020E2
:1036900020213246082302F025FF002030213A463F
:1036A00013E002F041FA4BF2887200200021C0F6CC
:1036B0000002082302F016FF002010214A460823CA
:1036C00002F010FF002020215246082302F00AFFDA
:1036D0000020102135E702F027FA4BF28872002013
:1036E0000021C0F60002082302F0FCFE0020102199
:1036F0004A46082302F0F6FE002020215246082305
:1037000002F0F0FE002020211BE72078042802D1DF
:10371000FFF77AF801E0FFF761F802F005FA02F02E
:1037200095FF2478E3E60000014690F82100022886
:1037300013D10868D1E90FC3026822F00E020260BB
:10374000026822F001020260012000FA03F2CCF8C4
:10375000042081F82100002002E004208863012079
:10376000002281F82020704790F82110022923D1EF
:10377000026840F2040C1168C4F2020C21F00E0140
:10378000116013682F21C4F202018A4223F0010361
:10379000136015DD3023C4F202039A421CD0442387
:1037A000C4F202039A421AD05823C4F202039A4286
:1037B0001AD14FF480331FE0042181630120704748
:1037C0000823C4F202039A420CD01C23C4F2020361
:1037D0009A4209D110230FE04FF480730CE04FF4AC
:1037E000805309E0012307E00CF168014FF080737A
:1037F0008A4208BF4FF480130121CCF8003080F8D2
:103800002110416B0022002980F8202004BF0020F5
:10381000704780B58847002080BD0000B0B50446E1
:1038200000F00CFA054640F21E00C2F200000078DB
:10383000611C18BF044400BF00F000FA401BA04206
:10384000FAD3B0BD2DE9F04381B040F22865C2F251
:1038500000052A7E012A03D1022001B0BDE8F083D1
:1038600004460120266828764CF250308846FFF73F
:1038700017FD022E18D1002845D1002042F2100475
:10388000E861C4F20204206840F00400206020686F
:1038900040F0400020604CF25030FFF701FD2168FD
:1038A00021F0040121602FE068BB4FF0FF30C8F821
:1038B0000000D4E9027007EB8020874223D242F255
:1038C0001006C4F202064FF0000900BFC5F81C90B4
:1038D000306840F0020030607760306840F04000AF
:1038E00030604CF25030FFF7DBFC316821F0020110
:1038F000316070B9D4E9021207F5806701EB8221CB
:103900008F42E3D300E001200021297601B0BDE819
:10391000F083C8F80070F7E742F21001C4F2020128
:10392000086840F0800200200A6070472DE9F04FDF
:1039300081B01C4640F22863C2F2000391461A7E11
:10394000012A03D1022001B0BDE8F08F0746012013
:1039500018764CF250300E46FFF7A2FC40F2286277
:10396000C2F2000200283DD142F210053846C4F2EE
:103970000205022F18BF04205FFA80FB4FF0000AF7
:103980004FF000080023CAF12001D36129FA0AF0A0
:1039900004FA01F12A680843BAF1200158BF24FA59
:1039A00001F042F00101296030804CF25030FFF705
:1039B00077FC296821F00101296078B9012F0DD029
:1039C00008F101085FFA88F140F2286202368B455F
:1039D0000AF1100AC2F20002D4D803E040F22862D1
:1039E000C2F200020021117601B0BDE8F08F0000A4
:1039F00042F20400C4F20200C16809065CBF002064
:103A0000704740F22311C4F26751016048F6AB11D0
:103A1000CCF6EF510160C068C0B2C0097047000029
:103A20002DE9F04F82B00E68002E00F0F78041F2D1
:103A30000042C4F20102042340F2004E904208BF4B
:103A400003234FF6FF7CC4F2010E009300240123F0
:103A5000C1F2100C4FF0000A4FF000094AE041F2A9
:103A60000002C4F20102009F904208BF022704F046
:103A70000C030F229A402BEA020207FA03F34FEAE3
:103A80009A051A4346F825204E6840F20C45F2028A
:103A9000DEF8082054BF22EA080242EA0802C4F213
:103AA0000105CEF808202A68B30254BF22EA0802B2
:103AB00042EA08022A60B303DEF8042054BF22EA77
:103AC000080242EA0802F303CEF80420DEF80020E0
:103AD0004FF0010354BF22EA080242EA0802CEF87E
:103AE00000200E680AF1010A36FA0AF204F1040411
:103AF00000F0948003FA0AFB16EA0B08F1D04E6836
:103B0000664511DC122E51D8DFE806F0340A49462A
:103B100050505050505050505050505050424D0006
:103B2000D1F80C9042E000BF4FF6FF72C1F22102C3
:103B300096420FDC0022C1F2110296421AD00022F6
:103B4000C1F21202964215D00022C1F22102964221
:103B500010D02BE00022C1F2220296420AD00022AD
:103B6000C1F23102964205D00022C1F232029642E1
:103B70001CD100BF8A6842B1012A14BFC0F814B03A
:103B8000C0F810B04FF0080910E04FF004090DE044
:103B9000CA6802F1040909E04FF0000906E0CA68AA
:103BA00002F1080902E0CA6802F10C090246264641
:103BB000B8F5807F24BF0432203E17680F25B5403A
:103BC00027EA050509FA06F635431560CA79D206D3
:103BD0007FF587AF41F21803C4F202031A68AEF50D
:103BE0007E7642F001021A601A6802F00102019228
:103BF000019A2AF0030256F802B040F60002C4F21D
:103C00000102904208D040F60042C4F20102904204
:103C10007FF425AF01272AE7002728E702B0BDE897
:103C2000F08F00008068084018BF01207047000036
:103C3000002A08BF090401617047000040F25C706F
:103C4000C2F2000000687047002804BF01207047DE
:103C500070B504460068D4E901124CF6CC43036009
:103C600045F25553036041608260FFF7E7FF21682A
:103C7000CA68920713D0054641F23D3604E000BF02
:103C80002168C86880070AD0FFF7D8FF401BB04200
:103C9000F6D32068C0688007F2D0032070BD4AF6D2
:103CA000AA200860002070BD01684AF6AA22002000
:103CB0000A60704740F21E0040F25C71C2F20000E0
:103CC000C2F2000100780A681044086070470000E2
:103CD00080B542F20000C4F20200016841F0100118
:103CE0000160032000F094F8002000F005F800F0D7
:103CF0002BF8002080BD0000B0B540F21E02C2F2D9
:103D0000000240F208011278C2F200014FF47A7307
:103D10000968B3FBF2F20446B1FBF2F1084600F089
:103D200025FB0F2C4FF001050CD858B94FF0FF3090
:103D300021460022002500F03FF840F22000C2F2A8
:103D4000000004602846B0BD80B582B041F2180082
:103D5000C4F20200016841F001010160016801F054
:103D6000010101910199416841F080514160406831
:103D700000F0805000900098052000F049F80420E1
:103D8000C4F201000168022262F31A61016002B00C
:103D900080BD0000002848BF704700F01F010122CD
:103DA00002FA01F11C2202EAD0004EF20012CEF219
:103DB000000281507047000010B54EF60C5CCEF248
:103DC000000CDCF80030C3F3022E8EF00704042C44
:103DD00028BF0424BEF103034FF0FF3E0EFA04F4A3
:103DE00038BF0023A14399400EFA03F39A431143CD
:103DF00000F1604200F00F03090102F56442043B48
:103E00006344002848BF03F10C02117010BD00008C
:103E10004EF60C51CEF200010A684FF6FF031A402D
:103E200060F30A2242F0806040F0FD700860704745
:103E3000002804BF012070472DE9F04381B042F211
:103E40000008C4F202080446D8F800000D4600F04D
:103E5000070081420CD9D8F8000020F00700284361
:103E6000C8F80000D8F8000000F00700A8426BD1A5
:103E7000206841F204098107C4F2020917D54107FD
:103E800005D5D9F8001041F4E061C9F80010010728
:103E900005D5D9F8001041F46051C9F80010D9F8DF
:103EA0000010A26821F0F0011143C9F80010C0070A
:103EB00041D1D8F8000000F0070085420CD2D8F8B4
:103EC000000020F007002843C8F80000D8F80000E0
:103ED00000F00700A84237D12068410707D5D9F87C
:103EE0000010E26821F4E0611143C9F800100007F6
:103EF00008D5D9F80000216920F4605040EAC100DB
:103F0000C9F80000D9F8002002F00C00082841F29E
:103F10000020C0F27A0049D14BF2F063C2F3834132
:103F2000C0F60003595CD20334D440F60010C0F24E
:103F30003D0048433AE0606859F8041C022807D065
:103F4000012824D1890305D4012001B0BDE8F08304
:103F50008901F9D5D9F8001021F003010843C9F807
:103F60000000FFF76BFE064641F28837D9F80000E3
:103F7000616800F00C00B0EB810F9AD0FFF75EFE95
:103F8000801BB842F2D9032001B0BDE8F083890755
:103F9000DAD5DFE7D9F8002049F62403C2F340421E
:103FA000C0F600039A5C4843B0FBF2F0D9F8001069
:103FB00049F27462C1F30311C0F60002515C40F291
:103FC000080220FA01F140F22000C2F2000000686D
:103FD000C2F200021160FFF78FFE002001B0BDE8C1
:103FE000F083000040F2080041F20401C2F2000038
:103FF000C4F202010068096849F28462C1F3022137
:10400000C0F60002515CC8407047000040F2080052
:1040100041F20401C2F20000C4F202010068096822
:1040200049F28462C1F3C221C0F60002515CC8406B
:1040300070470000002804BF012070472DE9F041BF
:1040400082B00446007841F20006C007C4F20206BE
:1040500047D0706800F00C00042808D13068800355
:104060003FD56068E8BB012002B0BDE8F081706810
:1040700000F00C00082802D17068C003EED4656817
:1040800030682DB1B5F5A02F09D0B5F5803F0AD025
:1040900020F480303060306820F4802005E040F467
:1040A00080203060306840F480303060FFF7C6FD1B
:1040B000002D054612D000BF3068800311D4FFF7F1
:1040C000BDFD401B6428F7D916E100BFFFF7B6FD20
:1040D000401B64284FF0030000F2D8803068800352
:1040E000F4D42078800719D5706810F00C0F07D031
:1040F000706800F00C00082827D17068C00324D431
:104100003068800703D52069012840F0A680306818
:10411000616920F0F80040EAC100306020780007B3
:104120004ED5A06938B30020C4F242200121C0F866
:104130008014FFF783FD0546706A80072DD4FFF7D2
:104140007DFD401B0228F7D9D6E02069002840F207
:104150000000C4F2422000F0A88001210160FFF7B6
:104160006DFD054630688007D1D4FFF767FD401B21
:104170000228F7D9C0E00020C4F242200021C0F894
:104180008014FFF75BFD0546706A800718D5FFF7BE
:1041900055FD401B0228F7D9AEE040F20800C2F2FC
:1041A0000000006844F6D351C1F26201A0FB010196
:1041B000480A019000BF0198411E00280191F9D1E1
:1041C0002078400717D4E5698DB1706800F00C00C5
:1041D000082846D1012D40D07068216A00F4803251
:1041E0008A423AD1616A00F47010884235D10020C9
:1041F00002B0BDE8F081F0695FEAC00808D4F06958
:1042000040F08050F061F06900F08050009000981C
:1042100047F20007C4F200073868C0050FD43868B9
:1042200040F480703860FFF709FD05463868C00526
:1042300005D4FFF703FD401B6428F7D95CE0E5686F
:10424000306A1DB1052D41D0012D43D020F0010071
:104250003062306A20F004003EE0012002B0BDE888
:10426000F0810027C4F2422700203866FFF7E6FC01
:10427000022D05460ED100BF3068800153D5FFF7EF
:10428000DDFC401B02284FF00300F5D902B0BDE869
:10429000F08100BF30688001A9D5FFF7CFFC401B3B
:1042A00002284FF00300F5D9F0E700210160FFF785
:1042B000C5FC0546306880077FF530AFFFF7BEFCD0
:1042C000401B02284FF00300F4D9DFE740F0040060
:1042D0003062306A40F001003062FFF7AFFC002D21
:1042E000054641F2883712D0306A800712D4FFF7B2
:1042F000A5FC401BB842F7D9032002B0BDE8F0810D
:10430000FFF79CFC401BB8424FF00300BED8306A58
:104310008007F5D4B8F1000F3FF555AFF06920F0F4
:104320008050F0614FE7206AB0F5803F05D1716899
:10433000A26821F40031114371607168626A21F44E
:10434000741111430843706001203866FFF776FC52
:10435000044600BF306880013FF549AFFFF76EFCAF
:10436000001B02284FF00300F4D98FE7411E002004
:10437000B0EB116F1CBF012070474EF21002CEF25D
:10438000000251604EF62351CEF20001F0230B7073
:10439000072190601160704770470000704700006F
:1043A00090F83C20012A4FF0020234D010B50123CE
:1043B00080F83C3080F83D200268D2F804E0D2F862
:1043C00008C00C682EF07003234340F2FF74C4F25F
:1043D0000004A242536005DCB2F1804F0ED040F2DF
:1043E000004307E042F60043C4F201039A4205D0BD
:1043F00040F60003C4F200039A4204D149682CF04D
:104400008003194391600121002280F83D1080F85B
:104410003C20BDE81040104670470000002804BF53
:104420000120704710B590F83D1031B9002180F897
:104430003C10044600F066F82046022180F83D104A
:10444000016840F2FF740B68C4F2000442F6004CAD
:10445000A142C4F2010C05DCB1F1804F0AD040F258
:10446000004203E0614505D040F60002C4F20002BC
:10447000914203D1826823F070031343A14205DC0B
:10448000B1F1804F0AD040F2004203E0614505D00F
:1044900040F60002C4F20002914203D1026923F403
:1044A00040731343846923F08002D0F804E0C368AA
:1044B000224361450A60CB62C1F828E002D142691B
:1044C000CCF8302001224A610B69DB0703D00B696D
:1044D00023F001030B6180F8462080F83E2080F82D
:1044E0003F2080F8402080F8412080F8422080F86A
:1044F000432080F8442080F8452080F83D200020AB
:1045000010BD00000068B0F1804F18BF704780B543
:1045100082B041F21C00C4F202000168022241F0A4
:10452000010101600068022100F001000190019882
:104530001C20FFF741FC1C2002B0BDE88040FFF7C3
:1045400029BC000090F83D1001291CBF01207047D4
:10455000022180F83D10006840F2FF72C168C4F289
:104560000002904241F00101C16005DCB0F1804FD2
:104570000ED040F2004107E042F60041C4F20101D2
:10458000884205D040F60001C4F20001884206D1FD
:10459000816801F00701062904BF00207047016807
:1045A00041F00101016000207047000090F83C20BC
:1045B000012A4FF002026ED080B5012380F83C3012
:1045C00080F83D20D0F800C04FF67772DCF8083054
:1045D00023EA0202CCF808200B684F2B28DC1F2BA3
:1045E00044DD202B45D0302B43D0402B40F0AC8015
:1045F000D1F804E0C968DCF82030DCF8202022F093
:104600000102CCF82020DCF8182022F0F00242EA67
:10461000011123F00A0242EA0E02CCF81810CCF87D
:104620002020DCF8081041F0470121F0300127E09C
:104630006F2B32DDB3F5005F73D0B3F5805F21D00F
:10464000702B40F08180D1E901E3C968DCF80820D3
:1046500043EA0E0322F47F4243EA01211143CCF8DE
:104660000810DCF8081041F0770109E00BB1102BBD
:104670006AD1DCF8081021F07001194341F00701FC
:10468000CCF808100022012180F83D10002180F8AC
:104690003C10BDE8804010467047502B21D0602B65
:1046A00052D1D1F804E0C968DCF82030DCF82020D1
:1046B00022F01002CCF82020DCF8182022F47042FE
:1046C00042EA013123F0A00242EA0E12CCF818109F
:1046D000CCF82020DCF8081041F0670121F010012F
:1046E000CEE7D1F804E0C968DCF82030DCF82020FF
:1046F00022F00102CCF82020DCF8182022F0F00291
:1047000042EA011123F00A0242EA0E02CCF8181024
:10471000CCF82020DCF8081041F0570121F02001EE
:10472000AEE7D1E901E3C968DCF8082043EA0E03EB
:1047300022F47F4243EA01211143CCF80810DCF84F
:10474000081041F480419BE701229CE7704700007C
:1047500070B504460068C5680669B10716D515F03E
:10476000020113D06FF002010161012121778069FC
:10477000800703D02046FFF7E9FF05E0204600F060
:104780008DF8204600F08CF800202077700718D5AF
:1047900015F0040015D020686FF0040101610221BA
:1047A0002177806910F4407F03D02046FFF7CEFFC9
:1047B00005E0204600F072F8204600F071F8002075
:1047C0002077300717D515F0080014D020686FF057
:1047D0000801016104212177C069800703D02046C8
:1047E000FFF7B4FF05E0204600F058F8204600F03F
:1047F00057F800202077F00618D515F0100015D0D6
:1048000020686FF01001016108212177C06910F460
:10481000407F03D02046FFF799FF05E0204600F0D7
:104820003DF8204600F03CF800202077F00718BF44
:1048300015F0010002D1300609D412E020686FF0B3
:1048400001010161204600F02DF8300609D515F070
:10485000800006D020686FF0800101612046FFF7DC
:104860009BFD700609D515F0400006D020686FF05A
:1048700040010161204600F01DF8B00658BF70BD30
:1048800015F0200008D021686FF0200220460A6150
:10489000BDE87040FFF782BD70BD000070470000AA
:1048A000704700000068B0F1804F18BF704700F0FB
:1048B00021BE0000704700007047000070470000F4
:1048C000B0B582B001680A68CC684B6902F02F0568
:1048D000202D04F0200505D125B102B0BDE8B0407F
:1048E00003F012B95FEA027C1EBF03F0010E04F46C
:1048F000907313EB0E0340D1036BD50618D5012B33
:1049000016D114F0100313D0002201920A6801920C
:104910004A680192019A4969490647D4818DC28D3E
:10492000C38D002B18BF914240F0108102B0B0BD82
:1049300013062AD514F0800327D090F84120212AAD
:10494000F4D18268B2F5805F03D10269002A00F0D9
:104950003081026A531C036212784A60C28C013AA9
:104960001304C284E2D1C86820F08000C860C8681F
:1049700040F04000C86002B0B0BDD10718BF14F4C9
:1049800080715CD1510760D466E05206CED514F038
:104990004002CBD0CA6822F04002CA60202180F8D1
:1049A000411002B0BDE8B04000F0E6BAC16B0A6841
:1049B000526893B2002BB9D0858DAB42B6D2C28576
:1049C0008969202934D000BF016851E8031F0268BB
:1049D00021F4807142E80313002BF5D1016851E8FE
:1049E000051F026821F0010142E80513002BF5D1F3
:1049F000016851E8051F026821F0400142E80513F3
:104A0000002BF5D1202180F842100021016300BF66
:104A1000016851E8031F026821F0100142E8031306
:104A2000002BF5D1C16B04460846FEF77DFE2046FB
:104A300002214163818DC28D891A89B2AFE0416C38
:104A400041F001014164510706D5BEF1000F03D0CA
:104A5000416C41F002014164910706D5BEF1000F9F
:104A600003D0416C41F004014164BCF1000F06D554
:104A70005EEA050103D0416C41F008014164416CDC
:104A800000293FF453AF910604D51DB1044603F04D
:104A90003BF8204601684969426C01F0400102F090
:104AA000080289184BD000BF016851E8031F026853
:104AB00021F4907142E80313002BF5D1016851E80D
:104AC000051F026821F0010142E80513002BF5D112
:104AD000016B01290AD100BF016851E8031F026878
:104AE00021F0100142E80313002BF5D1202180F8BA
:104AF00042100021016301684969490654D500BF8D
:104B0000016851E8051F026821F0400142E80513E1
:104B1000002BF5D1C16B002946D047F6FD22C0F627
:104B20000002044608464A63FEF71EFE00283FF4D2
:104B3000FDAEE06B416B02B0BDE8B04008470446F3
:104B4000FFF7BCFE0020606402B0B0BD891A00BF50
:104B5000026852E8032F036822F4907243E80325A9
:104B6000002DF5D1026852E8052F036822F00102FA
:104B700043E80525002DF5D1202280F842200022AF
:104B8000026300BF026852E8032F036822F010029C
:104B900043E80325002DF5D1022289B2426302B019
:104BA000BDE8B040FFF788BE02B0BDE8B040FFF7F7
:104BB00085BE026A32F8023B6FF35F234B600262EC
:104BC000CCE60000002804BF0120704710B5044661
:104BD00090F8410028B9002084F84000204600F0F9
:104BE00061F8242084F841002068D4E90212C368E7
:104BF00023F40053C360036923F440531A43026152
:104C0000D4E904231143C268194341F20C639A4367
:104C10001143C1604169A26921F44071114343F617
:104C20000002C4F201029042416102D0FFF7DAF9BA
:104C300001E0FFF7EBF9D4E900231921484399007B
:104C4000B0FBF1F048F21F5CC5F2EB1CA0FB0C318D
:104C50004FF69C734909C0F6FF7301FB0300322332
:104C600003EB0010A0FB0C03F02000EA531000EB54
:104C70000110C3F34311084490601069202120F40F
:104C800090401061506920F02A005061D06840F4D3
:104C90000050D0600020606484F8411084F8421015
:104CA000606310BDF0B585B0006844F20041C4F205
:104CB000000188424FF00001CDE90311CDE9011157
:104CC00021D043F60001C4F20101884252D141F2E1
:104CD0001800C4F202000168252441F480410160FB
:104CE00001684FF4806701F48041009100990168E8
:104CF00041F004010160006800F004000090009899
:104D00004FF4007018E041F21800C4F2020041684C
:104D1000262441F4003141604168082701F4003144
:104D200000910099016841F004010160006800F001
:104D300004000090009804200190022040F6000535
:104D400002900320C4F2010501AE049028463146CA
:104D5000FEF766FE0020CDE90200284631460197A5
:104D6000FEF75EFE204602210222FFF725F82046CC
:104D7000FFF710F805B0F0BD90F84230202B07D1B6
:104D800000294FF0010318BF002A04D118467047CC
:104D90000223184670470023036381622221828523
:104DA000C285436480F84210016921B10168CA6874
:104DB00042F48072CA600068416941F001014161BA
:104DC000C16841F02001C16018467047F0B581B05C
:104DD00044F200450446C4F20005006805F574413C
:104DE000884237D140F22956C2F20006307840F2AC
:104DF0002057C2F2000758B13078032808D8FEF7D0
:104E00001DFF3968401AB0F5967F84BF00203070CE
:104E1000FEF714FF38603078032810D840F228508D
:104E2000C2F200000078A0F13001092907D83178DA
:104E30004A1C327040F22452C2F20002505440F236
:104E4000805040F22851C2F20000C2F2000101225B
:104E5000FFF792FF2068A8421CBF01B0F0BD40F2EE
:104E60005874C2F200042078FCF70EFE40F2C850DD
:104E7000C2F200002146012201B0BDE8F040FFF778
:104E80007BBF00002DE9F04381B0044690F841005B
:104E9000202809D1884600294FF0010018BF002AB8
:104EA00006D101B0BDE8F083022001B0BDE8F08377
:104EB0000020606421201D4684F841001646FEF75C
:104EC000BDFEA684E684A1680646B1F5805F02D1E6
:104ED000206900284DD0C1464FF00008E08C40B357
:104EE0006F1C0BE0B9F1000F1AD019F8010B216803
:104EF0004860E08C0138E084E08CD0B12068006824
:104F00000006EFD4002FF9D0FEF798FE01464FF0CF
:104F1000030045B3891BA94225D82068C068EDE786
:104F200038F8020B21686FF35F2048604FF00009EA
:104F3000DFE720680068400614D46F1C04E000BF5F
:104F40002068006840060DD4002FF9D0FEF776FEE9
:104F500001464FF0030035B1891BA94203D82068F0
:104F6000C068EDE70020202184F8411001B0BDE8C1
:104F7000F0834FF00009B1E770470000FEE7000042
:104F80000A2818D0002808BF0A20092816D840F29D
:104F90001862C2F200021168032924DC4B1C136062
:104FA00040F2106240F03000C2F200025054002083
:104FB000D054FEF70FB800200928E8D9102814D0E3
:104FC0000F2810D140F21860C2F2000001680129D8
:104FD000B8BFFDF7FFBF0139016040F21060C2F2B7
:104FE000000000224254FDF7F5BF80B540F2186082
:104FF000C2F200000068042826D100F095FD1EA230
:105000001C201C21082301F06DFA01F01FFB40F267
:105010001060C2F2000002F0E3F8FDF70DFC4FF45F
:10502000C870FEF7FBFB00F07FFD40F21C60C2F28F
:1050300000000121017040F22560C2F20000017001
:10504000BDE88040FDF7C6BF4BF25672C0F60002C5
:1050500010203021082301F045FA01F0F7FAFDF79E
:1050600003FC4FF41670FEF7D9FB00F05DFDBDE8C0
:105070008040FDF7AFBF00BFD0DEB8C4B3C9B9A64A
:10508000A3A100000A2803D0002808BF0A2000E0DE
:10509000002010B582B0092812D840F21862C2F27E
:1050A0000002116803297BDC4B1C136040F2106284
:1050B00040F03000C2F2000250540020D0546FE0A3
:1050C000102811D00F286BD140F21860C2F20000F6
:1050D0000168012964DB0139016040F21060C2F20D
:1050E0000000002242545BE040F21864C2F2000467
:1050F000206804282DD10DF1030002F057F8012893
:105100003BD140F21060C2F200000DF10301FBF749
:10511000D3F900283ED000F007FD4BF22672C0F60E
:1051200000021C201C21082301F0DCF901F08EFA9A
:10513000FDF782FB4FF41670FEF770FB00F0F4FCF5
:1051400040F21060C2F20000002101710160216094
:1051500026E04BF25672C0F60002102030210823E0
:1051600001F0C0F901F072FAFDF77EFB4FF4167002
:10517000FEF754FB00F0D8FC12E040F210604BF256
:105180000071C2F20000C0F600010522FBF79AF898
:105190000028C0D1FDF768FB00F0C6FC00F06EFCF3
:1051A000FDF766FF02B010BD0A2803D0002808BF33
:1051B0000A2000E00020B0B582B0092813D840F2E0
:1051C0001862C2F200021168032900F39F804B1C91
:1051D000136040F2106240F03000C2F200025054FE
:1051E0000020D05492E0102813D00F2840F08E8079
:1051F00040F21860C2F2000001680129C0F2868006
:105200000139016040F21060C2F2000000224254F5
:105210007CE040F21864C2F200042068042830D117
:105220000DF1030001F0C2FF01283ED140F21060F1
:10523000C2F200000DF10301FBF73EF9002841D056
:105240000020002502F056FB00F06EFC4BF22672A7
:10525000C0F600021C201C21082301F043F901F0D4
:10526000F5F9FDF7E9FA4FF41670FEF7D7FA00F0FA
:105270005BFC40F21060C2F2000005710560256021
:1052800044E04BF25672C0F6000210203021082391
:1052900001F028F901F0DAF9FDF7E6FA4FF416709B
:1052A000FEF7BCFA00F040FC30E040F210604BF238
:1052B0000071C2F20000C0F600010522FBF702F8FF
:1052C0000028BDD100F030FC12A21C201C210823B4
:1052D00001F008F901F0BAF9FDF796FA012001246E
:1052E00000F054FB00F020FC40F20400C2F2000089
:1052F000047040F20D10C2F20000047040F25770CA
:10530000C2F200000470002002F014FBFDF7FEFE64
:1053100002B0B0BDBDE2CBF8B3C9B9A6A3A10000ED
:1053200040F20911C2F200010A780020002A1CBFD5
:105330000870104670470000B0B540F60044C4F253
:105340000104204610210022FEF772FC2046202195
:1053500001220125FEF76CFC204640210122FEF7C8
:1053600067FC204680210122FEF762FC20460821CE
:10537000FEF758FC002800F09E80A4F580652846C2
:105380004FF40061FEF74EFC002800F096802046A6
:105390000221FEF747FC002800F091802046012101
:1053A000FEF740FC002800F08C80204610210122EE
:1053B000FEF73EFC204620210022FEF739FC204665
:1053C00040210122FEF734FC204680210122FEF715
:1053D0002FFC20460821FEF725FC002873D0284624
:1053E0004FF40061FEF71EFC00286ED0204602211B
:1053F000FEF718FC00286AD020460121FEF712FCB7
:10540000002866D0204610210122FEF711FC20461C
:1054100020210122FEF70CFC204640210022FEF74D
:1054200007FC204680210122FEF702FC20460821CD
:10543000FEF7F8FB00284ED028464FF40061FEF737
:10544000F1FB002849D020460221FEF7EBFB0028A3
:1054500045D020460121FEF7E5FB002841D020463B
:1054600010210122FEF7E4FB204620210122FEF755
:10547000DFFB204640210122FEF7DAFB2046802197
:105480000022FEF7D5FB20460821FEF7CBFB50B3E8
:1054900028464FF40061FEF7C5FB30B320460221D9
:1054A000FEF7C0FB18B320460121FEF7BBFBB0FAA4
:1054B00080F0400905012846B0BD0220B0BD0320A0
:1054C000B0BD0420B0BD0520B0BD0620B0BD072092
:1054D000B0BD0820B0BD0920B0BD0A20B0BD0B2072
:1054E000B0BD0C20B0BD0D20B0BD0E20B0BD0F2052
:1054F000B0BD000040F20A10C2F200000178013194
:10550000CAB2142A017038BF7047B0B540F20B150B
:105510000021C2F200050170287840F20C14C2F29A
:1055200000042070FFF708FF287038B920780028A1
:105530001EBF40F20911C2F200010870BDE8B04080
:1055400070470000B0B582B002F09AF968B302F07B
:10555000B5F944F6D35100F2E730C1F26201A0FB85
:1055600001018C0900F0E0FA26A21820142108237A
:10557000082500F0B7FF26A208202821082300F004
:10558000B1FF3820282122460223009500F040FF79
:1055900021A258202821082300F0A4FF01F056F88A
:1055A00002B0BDE8B040FFF7BBBE00F0BDFA49F65F
:1055B0002605C0F6000532200A211822182300957E
:1055C00000F090FE4BF2C172C0F6000220202821AC
:1055D000082300F087FF202028214022102300F01C
:1055E00017FE01F033F8FFF79BFE40F20811C2F2FC
:1055F0000001087020B102B0BDE8B04002F0F0BA7E
:1056000002B0B0BDB0B2C8ABCBF8B6A80000000085
:10561000CAA3D3E000000000C3EB000010B541288E
:105620001CBFFF2010BD082002F05EF800F0F7015B
:10563000082002F07FFB11203D2102F07BFB1720A8
:10564000862102F077FB26207F2102F073FB2D20BC
:105650001E2102F06FFB2C200021002402F06AFBC7
:105660002A208D2102F066FB2B203E2102F062FBF6
:10567000142002F039F8800701D0204610BD142014
:1056800002F032F840F00301142002F053FB002432
:10569000204610BD2DE9F04F85B0002741F21800DB
:1056A000CDE90377CDE90177C4F20200016840F645
:1056B000000541F0100101600168C4F2010501F02C
:1056C0001001009100990168012241F02001016060
:1056D00001684FF0E20B01F0200100910099016890
:1056E0004FF0010841F004010160016801F004017C
:1056F00000910099016841F0080101600068E22111
:1057000000F00800009000982846FEF791FA05F591
:10571000806420464FF4406100224FF44069FEF758
:1057200087FA204643F2F0110122FEF781FA28465B
:105730004FF410410022FEF77BFA01AE4FF0020A4F
:1057400028463146CDE90187CDF80CA0FEF768F96F
:10575000CDE901B84FF0030B284631460397CDF849
:1057600010B0FEF75DF91020CDE90107284631465B
:105770000397FEF755F90B2001A981E88101204626
:105780003146FEF74DF920463146CDE90198CDE985
:1057900003ABFEF745F94FF440500190112002A9E8
:1057A00081E8010920463146FEF73AF94FF40060DE
:1057B00001A981E8810128463146FEF731F94FF40D
:1057C000104001A981E8010D28463146FEF728F96D
:1057D0004FF4F870CDE9010820463146CDE9037B4E
:1057E000FEF71EF905B0BDE8F08F000080B586B069
:1057F00040F238500021C2F2000040F2E73CCDE90F
:105800000411CDE90211CDE900114FF08042472388
:10581000C0E9021C01618021C0E900238161FEF71B
:10582000FDFD002818BFFDF7BFFC4FF4805002902B
:1058300040F23850C2F2000002A9FEF7B7FE00287D
:1058400018BFFDF7B1FC0020CDE9000040F2385050
:10585000C2F200006946FEF7A3FD002818BFFDF75D
:10586000A3FC06B080BD000080B540F2805043F636
:105870000001C2F20000C4F2010100234FF00C0C41
:105880004FF4165280E80E00C0E90333C0E905C3A7
:10589000C361FFF797F9002808BF80BDBDE88040CD
:1058A000FDF782BC80B540F2C85044F20041C2F21C
:1058B0000000C4F2000100234FF00C0C4FF46142D1
:1058C00080E80E00C0E90333C0E905C3C361FFF7F8
:1058D00079F9002818BFFDF767FC40F2C85040F284
:1058E0005871C2F20000C2F200010122BDE88040FE
:1058F000FFF742BAFEE7000010B500F015F90AA262
:1059000010201821082300F0EDFD00F09FFE4FF459
:105910007A70FDF783FF002402F05AF8002C04F19E
:105920000104F9D010BD00BFD6C7C4DCC3C5BDFBA0
:10593000CFB5CDB30000000080B500F0F5F84BF214
:10594000A272C0F6000200200021082300F0CAFD68
:105950004BF23C72C0F6000200201021082300F038
:10596000C1FD4BF24972C0F600020020202108233D
:1059700000F0B8FD4BF2AF72C0F6000200203021FB
:105980000823BDE8804000F0ADBD00002DE9F041E6
:105990000446FEF753F90546FEF750F9401B40F662
:1059A000B731884288BFBDE8F08140F6B83804E0DE
:1059B000FEF744F9401B40451ED27CB1012CF7D1C3
:1059C000002700BFFEB2304600F018F80220FDF7B5
:1059D00025FF072E07F10107F4D3E9E7072700BFEA
:1059E000FEB2304600F00AF80220FDF717FF002E45
:1059F000A7F10107F4D1DBE7BDE8F081072888BFF4
:105A00007047F0B581B014A10A5C15A10C5C16A119
:105A100040F600070D5C16A1C4F201070E5C384683
:105A20004FF40041FEF704F938464FF48051224606
:105A3000FEF7FEF807F5806420464FF400612A4621
:105A4000FEF7F6F820464FF48061324601B0BDE81B
:105A5000F040FEF7EDB800BF0101000000000001BA
:105A60000001010100000000000000010101000030
:105A70000000000000010101FEE70000B0B540F2A7
:105A80001060C2F2000000210171016040F2186054
:105A900040F2256440F20815C2F20000C2F2000490
:105AA000C2F20005016000BF02F0F6F801F062FFEB
:105AB00080B9207898BBFFF733FC0028287018BF06
:105AC00001F070FF2878FFF75BFA28780D28EBD1FA
:105AD0000020B0BD00F028F84BF2B872C0F600020A
:105AE00014201C21082300F0FDFC00F0AFFDFCF7A2
:105AF0008BFE00200024FFF749FF40F22950C2F23C
:105B00000000047040F20400C2F2000001210170A4
:105B100040F20D10C2F2000004700020B0BD002061
:105B200020700020B0BD000080B540F21010C2F21D
:105B300000004FF48061FAF797FC80BD2DE9F04F2B
:105B400089B0044603FB03F09B4617468A4605903E
:105B500003F05FF8054607FB07F08946069003F05F
:105B600058F8CBF10007804638460E4603F03AF865
:105B70000023C3F6E073002202F044FF02460B4606
:105B800040463146CDF81C80039603F0CDF82A46F6
:105B90004B460295CDF8049002F034FF02F000FF6E
:105BA0008146129840F2101E0028C2F2000E18BF63
:105BB000BBF1000F40F064820AEB0B0081B2802C35
:105BC0004FF0000238BF012240294FF0000138BFDA
:105BD00001210A40012A0CD14FF6F87101400EEB69
:105BE000011100F0070301270E5D07FA03F33343A9
:105BF0000B55AAEB0B010023802C4FF000078EB24F
:105C000038BF0127402E38BF01233B40012B00F055
:105C10001181002A40F01F8163B14FF6F8700840EF
:105C20000EEB001001F007010122035D02FA01F101
:105C3000194301550494059C204602F0EAFF0746EB
:105C400058460D4602F0E5FF0023CBF6E073002234
:105C500002F0D8FE079A039B03F066F83A462B46FB
:105C600003F0CCFA002840F0078100254FF000082F
:105C70001FE000BF0FFA88F5059C681C604302F026
:105C8000B1FF07465846894602F0ACFF00230022C8
:105C9000CBF6E07302F0B6FE079A039B03F044F8DC
:105CA0003A464B4603F09CFADDF82090002800F0BD
:105CB000E5804846002103F0BDFA032101EB4506CB
:105CC0000221069AA1EB4B0101FB02F5002818BF47
:105CD000ABF1010B4846002106FB04F70FFA8BFBE2
:105CE00003F0A8FA002818BF06FB0457384603F053
:105CF000FDFA0146484603F003FA08901298DDF8D1
:105D000010C040F2101E08F10108C2F2000EC8B324
:105D1000CBF1000000B2834534DD08EB0C01ACEBA5
:105D2000080289B292B203E0013000B2584529DA84
:105D300000EB0A037F299FB298BF3F2F0ED84FF682
:105D4000F87403EA04060EEB061603F00705745C0C
:105D50004FF0010909FA05F5254375547F2A98BFCC
:105D60003F2FE1D84FF6F87403EA04070EEB07174C
:105D700003F00703BE5C012404FA03F33343BB546E
:105D8000D2E700BF08EB0C0080B20BEB0A017F28C2
:105D90008BB298BF3F2B0CD84FF6F8720A400EEB2F
:105DA000021201F00707165C012404FA07F73743D3
:105DB0001754ACEB080296B2AAEB0B027F2E97B2F7
:105DC00098BF3F2F12D84FF6F87515400EEB05150A
:105DD00002F0070C15F806E0012404FA0CF444EA7A
:105DE0000E0440F2101EC2F2000EAC557F2E98BF7A
:105DF0003F2B0CD84FF6F8730B400EEB031301F05A
:105E000007019D5D012404FA01F1294399557F287A
:105E100098BF3F2F3FF62EAF4FF6F87111400EEBB3
:105E2000011102F007020B5C012707FA02F21A4384
:105E30000A541FE74FF6F8770F400EEB071701F0F3
:105E400007064FF0010C3D5D0CFA06F62E433E5559
:105E5000002A3FF4E1AE4FF6F87202400EEB021258
:105E600000F007000127165D07FA00F030431055D7
:105E7000002B7FF4D2AEDDE64FF00008CDF8208095
:105E8000DDF81080BBF1010FC0F2F780089800B276
:105E900002F0A8FE0023C3F6E073002202F0B2FD78
:105EA000DDE901320746894602F03EFF069C0546C1
:105EB000ABF10100039100FB04F1484302F092FEB4
:105EC00007910399064628463A464B4602F02CFFB6
:105ED000079B324602F096FD0746059889466043C7
:105EE00002F097FE02460B463846494603F01AF880
:105EF00002F056FD05464FF6F8744FF0010905E033
:105F0000079DBBF1010FE34640F3B780284600210F
:105F100003F090F900284FF00300A0EB4B0003D0F2
:105F2000069948430CE000BF089B022219B202EB1D
:105F30004101069A01335043059A089301FB020080
:105F400003F0D4F90146284603F0DAF807901298D6
:105F500040F2101EABF1010CC2F2000EA0B3CBF167
:105F60000101614530DA089800EB0802A8EB000354
:105F700092B29BB204E000BF013108B2844523DD38
:105F800001EB0A077F2ABEB298BF3F2E0CD807EA62
:105F900004050EEB051507F00704A85C09FA04F4E4
:105FA00020434FF6F874A8547F2B98BF3F2EE3D8B8
:105FB00007EA04000EEB001007F00707C65C09FAB9
:105FC00007F73743C754D7E708980AEB0C02404459
:105FD00096B23F2E81B298BF7F290AD802EA040008
:105FE0000EEB001002F00703475C09FA03F33B4392
:105FF00043540898AAEB0C03A8EB00009FB23F2F74
:1060000085B298BF7F2D18D803EA040040F210141F
:10601000C2F2000404EB001003F0070E10F8058034
:1060200009FA0EF440F2101E44EA0804DDF810806C
:10603000C2F2000E44554FF6F8743F2E98BF7F2DE4
:106040000AD802EA04000EEB001002F00702465DD7
:1060500009FA02F2324342553F2F98BF7F293FF69B
:106060004FAF03EA04000EEB001003F00702435C9D
:1060700009FA02F21A43425442E709B0BDE8F08F30
:106080004FF6F870012104E001373AB25A45BFF6E5
:1060900093AD7F2CF8D807EB0A0293B23F2BF3D8CD
:1060A00002EA00030EEB031302F007021D5D01FA82
:1060B00002F215431D551D5D2A431A55E4E7000001
:1060C00070B540F600440546C4F20104002600BF46
:1060D00005FA06F0C0B2C20920464FF40051FDF7A0
:1060E000A7FD20464FF480510122FDF7A1FD204677
:1060F0004FF480510022FDF79BFD0136082EE7D1B9
:1061000020464FF480510122FDF792FD20464FF4C6
:1061100080510022BDE87040FDF78ABDB0B5AE20C9
:1061200000F0B0FAD52000F0ADFA802000F0AAFA15
:10613000A82000F0A7FA3F2000F0A4FAD32000F036
:10614000A1FA0020002500F09DFA402000F09AFA04
:10615000A12000F097FAC82000F094FADA2000F0AD
:1061600091FA122000F08EFA812000F08BFACF20F5
:1061700000F088FAD92000F085FAF12000F082FAC8
:10618000DB2000F07FFA302000F07CFAA42000F041
:1061900079FAA62000F076FA8D2000F073FA142028
:1061A00000F070FAAF2000F06DFA40F21014C2F265
:1061B000000420464FF48061FAF756F945F0B0002C
:1061C000C0B200F05FFA102000F05CFA002000F08E
:1061D00059FA2046802100F0AFFA0135082D04F16C
:1061E0008004EBD1B0BD0000F0B5C1B001AF1446E2
:1061F0000D46064646AA384619460092FAF750F868
:10620000304629463A46234600F06CF941B0F0BDCD
:106210002DE9F04303EB01088845D8BFBDE8F083C2
:1062200040F2101E02444FF0010CC2F2000E8946EB
:1062300006E000BF09F101090FFA89F188451ADD6E
:106240008242F7DD09F007030CFA03F5CB081FFAC9
:1062500089F10EEBC3160346074603E001373BB254
:106260009A42E7DD3F29F9D8BCB27F2CF6D8F45C1E
:106270006C40F454F2E7BDE8F083000080B582B0D2
:10628000062B1DD00C2B0ED0082B1CBF02B080BDDE
:106290004BF20013C0F6000303EB0212A2F5007CE0
:1062A0000822102318E04AF26A1302EBC202C0F679
:1062B000000303EB8202A2F5906C0C2218230BE082
:1062C0004AF6C66302EB4202C0F6000303EB420249
:1062D000A2F1C00C06220823CDF800C000F002F89D
:1062E00002B080BD2DE9F04F84B0CDE9020293B336
:1062F000DDE9022003EB010900EB020B4FF001087E
:1063000008460F4604E000BF013738B2814522DD60
:10631000039A002AF8D007F0070440F21012029EF8
:1063200008FA04F4C008C2F200026FEA040A02EBA1
:10633000C014304604E000BF013630B28345E3DDCF
:10634000BDB23F2DF8D8B5B27F2DF5D8255C05EA52
:106350000A052554F0E7581E00EB5070C01001905C
:1063600001EB5170C31020F0070003EBE13208236A
:10637000081A03EA11310844009282B2C0F1080001
:106380001FFA80FB00204FF0000806E008F101082A
:1063900001995FFA88F0814236DB03990029F5D034
:1063A000039D0D9B5FFA88F1009E05FB013740F2CB
:1063B00010133144C2F2000306EB000A029803EB0B
:1063C000C1130AF1010904E00137013D00F10100A8
:1063D000DCD07F28F8D8BAF1070F08D897F800C0AA
:1063E00013F800E00CFA02F646EA0E061E54B9F164
:1063F000070FE9D83E78191891F8804026FA0BF675
:10640000264381F88060DFE704B0BDE8F08F00002C
:10641000002B08BF70472DE9F04F81B0DDF828B0A0
:106420001C469146884682465D42002715E000BF23
:1064300041F010014AF26A1201EBC101C0F60002FC
:1064400002EB810641460C2218230096FFF74AFF13
:106450000137A74205F1010540D0F843001909D0E2
:106460000120294600EB800001314A1C4FEA400020
:10647000F8D100E00120B9FBF0F24CF6CD4007FB6B
:106480000BA1CCF6CC40A2FB000308B2D90801EB6B
:106490008101BBF1060FA2EB410111D0BBF10C0F42
:1064A000C6D0BBF1080FD3D14BF20012C0F60002E8
:1064B00002EB011101F58076414608221023C4E762
:1064C00041F010014AF6C66201EB4101C0F600023C
:1064D00002EB4106414606220823B6E701B0BDE8BB
:1064E000F04F70472DE9F04F87B0154612780391B1
:1064F000002A049000F0A6800DF1170049F6AA0AC0
:106500001C46811C461CC0F6000A4FF023084FF0C1
:1065100000094FF0000B0191029617E004984AF62B
:10652000C661C0F60001484401F1BA07039900B200
:10653000062208230097FFF7D5FE09F10609354624
:10654000029E1FFA8BF02A5C002A7BD050B20BF11E
:106550000101B0F1FF3F33468DF8172008DC89B206
:106560006B5C002B6ED08DF81830019B0BF1020193
:106570008B46B0F1FF3F4FF00000187014DD049817
:10658000062C484400B236D00C2C26D0082C42D120
:106590004BF20011C0F6000101EB0211A1F50077EA
:1065A00003990822102333E09AF800002E46A0B386
:1065B0000025574638460DF11701F9F77DFF48B120
:1065C0000135A8B200FB08F11AF8011000FB08A77A
:1065D0000029EFD1062C24D1A0E702EBC2014AF238
:1065E0006A12C0F6000202EB8101A1F590670399DF
:1065F0000C2218230CE002EB42014AF6C662C0F6F8
:10660000000202EB4101A1F1C00703990622082311
:106610000097FFF767FEA14493E75746062C3FF427
:106620007DAF082C35467FF48BAF0498039948441E
:10663000033700B2102210230097FFF753FE09F131
:1066400010097DE707B0BDE8F08F0000B0B540F25B
:1066500010140025C2F2000445F0B000C0B200F0F2
:1066600011F8102000F00EF8002000F00BF8204682
:10667000802100F061F80135082D04F18004EBD190
:10668000B0BD000070B540F60044C4F201040546F8
:1066900020464FF400510122FDF7CAFA20464FF47C
:1066A00080510122FDF7C4FA20464FF40051002228
:1066B000FDF7BEFA20464FF480510022FDF7B8FAEC
:1066C0007820FFF7FDFC082620464FF400510022F9
:1066D000FDF7AEFA20464FF480510122FDF7A8FAEB
:1066E00020464FF480510022FDF7A2FA013EEBD183
:1066F00020464FF480510122FDF79AFA20464FF4CC
:1067000080510022FDF794FA2846FFF7D9FC204675
:106710004FF400510022FDF78BFA20464FF48051D0
:106720000122FDF785FA20464FF400510122BDE811
:106730007040FDF77DBA000070B540F60044C4F229
:1067400001040D46064620464FF400510122FDF794
:106750006FFA20464FF480510122FDF769FA204676
:106760004FF400510022FDF763FA20464FF48051A8
:106770000022FDF75DFA7820FFF7A2FC4020FFF72A
:106780009FFC3DB1013E00BF16F8010FFFF798FCDA
:10679000013DF9D120464FF400510022FDF748FA9F
:1067A00020464FF480510122FDF742FA20464FF473
:1067B00000510122BDE87040FDF73ABAB0B540F291
:1067C0001060C2F2000000210171016040F2186007
:1067D00040F21C6440F20815C2F20000C2F200044C
:1067E000C2F20005016000BF01F056FA01F0C2F8E4
:1067F00080B9207898BBFEF793FD0028287018BF59
:1068000001F0D0F82878FEF73DFC28780D28EBD170
:106810000020B0BDFFF788F94BF2B872C0F6000255
:1068200014201C210823FFF75DFEFFF70FFFFBF785
:10683000EBFF00200024FFF7A9F840F22950C2F234
:106840000000047040F20400C2F200000121017057
:1068500040F20D10C2F2000004700020B0BD002014
:1068600020700020B0BD00002DE9F04182B040F260
:10687000C8540646EF20C2F200040D468DF807000A
:106880000DF10701204601224FF0FF334FF00108C0
:10689000FEF7F8FA0DF10701204601224FF0FF3311
:1068A0008DF80780FEF7EEFA40F20007C2F200070B
:1068B000F8780DF107018DF80700204601224FF00E
:1068C000FF33FEF7DFFA78880DF107018DF8070036
:1068D000204601224FF0FF33FEF7D4FA38680DF15D
:1068E0000701000A8DF80700204601224FF0FF3310
:1068F000FEF7C8FA38680DF107018DF80700204649
:1069000001224FF0FF33FEF7BDFA0DF107012046DB
:1069100001224FF0FF338DF80780FEF7B3FA002015
:106920008DF807000DF10701204601224FF0FF33DB
:10693000FEF7A8FA07208DF807000DF107012046A1
:1069400001224FF0FF33FEF79DFA0C208DF807006F
:106950000DF10701204601224FF0FF33FEF792FAB6
:10696000300A8DF807000DF10701204601224FF093
:10697000FF33FEF787FA0DF10701204601224FF0A1
:10698000FF338DF80760FEF77DFA280A8DF80700BF
:106990000DF10701204601224FF0FF33FEF772FA96
:1069A0000DF10701204601224FF0FF338DF807500B
:1069B000FEF768FAF0B200EB162000EB1520E9B202
:1069C000084400F11405280A8DF807000DF10701AD
:1069D000204601224FF0FF33FEF754FA0DF1070174
:1069E000204601224FF0FF338DF80750FEF74AFA98
:1069F0004FF4FA60FAF760FF30B10178EF2903D164
:106A0000407A02B0BDE8F081FF2002B0BDE8F0811D
:106A1000F0B585B040F2C8540546EF20C2F200043C
:106A20008DF807000DF10701204601224FF0FF33DA
:106A30000126FEF727FA02A9204601224FF0FF3374
:106A40008DF80860FEF71EFA40F20007C2F2000758
:106A5000F8780DF109018DF80900204601224FF068
:106A6000FF33FEF70FFA78880DF10A018DF80A005E
:106A7000204601224FF0FF33FEF704FA38680DF18B
:106A80000B01000A8DF80B00204601224FF0FF3366
:106A9000FEF7F8F9386803A98DF80C0020460122AA
:106AA0004FF0FF33FEF7EEF90DF10D012046012204
:106AB0004FF0FF338DF80D60FEF7E4F900208DF8FC
:106AC0000E000DF10E01204601224FF0FF33FEF7BC
:106AD000D9F904208DF80F000DF10F012046012295
:106AE0004FF0FF33FEF7CEF902208DF8100004A915
:106AF000204601224FF0FF33FEF7C4F90DF11101DA
:106B0000204601224FF0FF338DF81150FEF7BAF9FD
:106B10000735280A8DF812000DF1120120460122D6
:106B20004FF0FF33FEF7AEF90DF1130120460122BD
:106B30004FF0FF338DF81350FEF7A4F94FF4FA60CD
:106B4000FAF7BAFE28B10178EF2902D1407A05B0F0
:106B5000F0BDFF2005B0F0BD70B584B040F2C85460
:106B6000EF20C2F200048DF8040001A920460122A2
:106B70004FF0FF330125FEF785F90DF105012046A1
:106B800001224FF0FF338DF80550FEF77BF940F2FC
:106B90000006C2F20006F0780DF106018DF806003D
:106BA000204601224FF0FF33FEF76CF970880DF19B
:106BB00007018DF80700204601224FF0FF33FEF752
:106BC00061F9306802A9000A8DF808002046012208
:106BD0004FF0FF33FEF756F930680DF109018DF8DB
:106BE0000900204601224FF0FF33FEF74BF90DF16B
:106BF0000A01204601224FF0FF338DF80A50FEF7BC
:106C000041F900260DF10B01204601224FF0FF3320
:106C10008DF80B60FEF736F903208DF80C0003A900
:106C2000204601224FF0FF33FEF72CF90DF10D0144
:106C3000204601224FF0FF338DF80D50FEF722F968
:106C40000DF10E01204601224FF0FF338DF80E604A
:106C5000FEF718F905208DF80F000DF10F01204601
:106C600001224FF0FF33FEF70DF94FF4FA60FAF707
:106C700023FE28B10178EF2902D1407A04B070BD1B
:106C8000FF2004B070BD000080B540F60000C4F2E3
:106C900001000121FCF7C6FF0138B0FA80F040097D
:106CA00080BD000070B584B040F2C854EF20C2F23D
:106CB00000048DF8040001A9204601224FF0FF33A3
:106CC0000125FEF7DFF80DF10501204601224FF006
:106CD000FF338DF80550FEF7D5F840F20006C2F2FA
:106CE0000006F0780DF106018DF80600204601221D
:106CF0004FF0FF33FEF7C6F870880DF107018DF8ED
:106D00000700204601224FF0FF33FEF7BBF8306842
:106D100002A9000A8DF80800204601224FF0FF3337
:106D2000FEF7B0F830680DF109018DF80900204632
:106D300001224FF0FF33FEF7A5F80DF10A012046BE
:106D400001224FF0FF338DF80A50FEF79BF8002523
:106D50000DF10B01204601224FF0FF338DF80B504F
:106D6000FEF790F803208DF80C0003A920460122BD
:106D70004FF0FF33FEF786F805208DF80D000DF17A
:106D80000D01204601224FF0FF33FEF77BF80DF195
:106D90000E01204601224FF0FF338DF80E50FEF712
:106DA00071F809208DF80F000DF10F012046012226
:106DB0004FF0FF33FEF766F84FF4FA60FAF77CFD08
:106DC00028B10178EF2902D1407A04B070BDFF20CC
:106DD00004B070BD2DE9F04782B040F2C85581463D
:106DE000EF20C2F20005984616460F468DF80700C0
:106DF0000DF10701284601224FF0FF334FF0010A41
:106E0000FEF740F80DF10701284601224FF0FF334D
:106E10008DF807A0FEF736F840F20004C2F2000435
:106E2000E0780DF107018DF80700284601224FF0A8
:106E3000FF33FEF727F860880DF107018DF8070092
:106E4000284601224FF0FF33FEF71CF820680DF1B1
:106E50000701000A8DF80700284601224FF0FF3392
:106E6000FEF710F820680DF107018DF8070028469D
:106E700001224FF0FF33FEF705F80DF10701284618
:106E800001224FF0FF338DF807A0FDF7FBFF002034
:106E90008DF807000DF10701284601224FF0FF335E
:106EA000FDF7F0FF08208DF807000DF107012846D7
:106EB00001224FF0FF33FDF7E5FF04208DF80700B6
:106EC0000DF10701284601224FF0FF33FDF7DAFFED
:106ED0000DF10701284601224FF0FF338DF807908E
:106EE000FDF7D0FF380A8DF807000DF1070128469D
:106EF00001224FF0FF33FDF7C5FF0DF107012846D2
:106F000001224FF0FF338DF80770FDF7BBFF300A09
:106F10008DF807000DF10701284601224FF0FF33DD
:106F2000FDF7B0FF0DF10701284601224FF0FF33B6
:106F30008DF80760FDF7A6FF09EB1720F9B20844AA
:106F400000EB1620F1B2084400F10D04200A8DF880
:106F500007000DF10701284601224FF0FF33FDF72E
:106F600091FF0DF10701284601224FF0FF338DF804
:106F70000740FDF787FF4FF4FA60FAF79DFCA0B1D8
:106F80000178EF2911D10146407AB8F1000F09D0FC
:106F90004A8912BA120CA8F80020898909BA090C8A
:106FA000A8F8021002B0BDE8F087FF2002B0BDE8EB
:106FB000F08700002DE9F04184B040F2C854064645
:106FC000EF20C2F200040D468DF801000DF1010121
:106FD000204601224FF0FF334FF00108FDF752FF2A
:106FE0000DF10201204601224FF0FF338DF802809F
:106FF000FDF748FF40F20007C2F20007F8780DF1F4
:1070000003018DF80300204601224FF0FF33FDF706
:1070100039FF788801A98DF80400204601224FF03D
:10702000FF33FDF72FFF38680DF10501000A8DF8D9
:107030000500204601224FF0FF33FDF723FF38689B
:107040000DF106018DF80600204601224FF0FF33B6
:10705000FDF718FF0DF10701204601224FF0FF3325
:107060008DF80780FDF70EFF00208DF8080002A9BB
:10707000204601224FF0FF33FDF704FF06270DF1F4
:107080000901204601224FF0FF338DF80970FDF70A
:10709000F9FE0DF10A01204601224FF0FF338DF871
:1070A0000A70FDF7EFFE0DF10B01204601224FF0B3
:1070B000FF338DF80B60FDF7E5FE280A8DF80C0014
:1070C00003A9204601224FF0FF33FDF7DBFE0DF14F
:1070D0000D01204601224FF0FF338DF80D50FDF7D2
:1070E000D1FE06EB1520E9B2084400F10D05280A8F
:1070F0008DF80E000DF10E01204601224FF0FF33F6
:10710000FDF7C0FE0DF10F01204601224FF0FF33C5
:107110008DF80F50FDF7B6FE4FF4FA60FAF7CCFB8E
:1071200030B10178EF2903D1407A04B0BDE8F08195
:10713000FF2004B0BDE8F08170B588B04CF6004483
:10714000C0F60004206810F1A53F2AD045F65B2068
:1071500043F23111C5F65A2001ADC3F230610190FE
:10716000281D0291002100BF425C82F05A02425465
:1071700001310429F8D100260120049606940790D5
:107180000590FCF735FC04A803A9FCF75BFB00BFE6
:10719000AA5B311901200023FCF7C8FB0236082E38
:1071A000F6D1FCF7B9FB08B070BD00004CF6004109
:1071B000C0F600010A6812F1A53F1CBF002070470D
:1071C000496801604FF0FF3142185378013183F074
:1071D0005A0303295370F7D1002101710120704730
:1071E000F0B587B00446F9F799F804282ED145F692
:1071F0005B20C5F65A20009000206D46215C2A18BD
:10720000013081F05A0104281171F7D14CF6004683
:10721000C0F600060027012003970596069004900B
:10722000FCF7E6FB03A802A9FCF70CFB002400BF57
:10723000EA5BB91901200023FCF778FB18B9023783
:10724000082FF5D10124FCF767FB00E0002420465D
:1072500007B0F0BD70B588B00446082000F044FACD
:1072600000F0F701082000F065FD0D20002100F07E
:1072700061FD0E2000F038FA00F07F010E2000F0D2
:1072800059FD42F2930002AEADF8080007AD0C20A4
:10729000314602223346009500F020F8054690B9A9
:1072A00002984FF0FF312060002000BF7218527822
:1072B0000131032980EA0200F8D19DF80C108842C0
:1072C00018BF6FF001050E2000F00EFA40F08001AB
:1072D0000E2000F02FFDE8B208B070BD2DE9F0439C
:1072E00081B09846164605460C280F4605D00E2D4F
:1072F00007D111244FF0120906E031244FF077092D
:1073000002E001244FF0000909F18001022000F0A1
:1073100011FD042000F0E8F900F07F01042000F0E6
:1073200009FD0120002100F005FD0A2000F0DCF934
:1073300040F080010A2000F0FDFC46B1013F00BF93
:1073400017F8011F092000F0F5FC013EF8D10120DB
:10735000294600F0EFFC0C2D07D10D2000F0C4F9F8
:1073600040F080010D2000F0E5FC089E4FF630074C
:10737000CFF6FF77042000F0B7F9013738D2044286
:10738000F8D004460D2000F0AFF900F07F010D2089
:1073900000F0D0FC062000F0A7F910F01B0F2FD151
:1073A00009EA040000F001000C2DC0F1000428D10E
:1073B0000A2000F099F905460C2000F095F910F02C
:1073C000070040EAC500A0F1080008BFE8003060EF
:1073D000012D98BF0125A8F10106122D28BF122505
:1073E000092000F081F9013D06F8010FF8D108E00D
:1073F0000D2000F079F900F07F010D2000F09AFCDB
:10740000FE240C2000F070F940F080010C2000F008
:1074100091FC0120002100F08DFCE0B201B0BDE83C
:10742000F0830000B0B588B0054608200C4600F097
:107430005BF900F0F701082000F07CFC0D2007212B
:1074400000F078FC142000F04FF940F00301142004
:1074500000F070FC0DF10A018DF80A5007AD0C2008
:1074600001220B460095FFF739FF4FF0FE0130B9BE
:10747000079A102A03D1BDF80A1021800146084658
:1074800008B0B0BD10B540F60004C4F201042046B7
:1074900002210122FCF7CCFB204602210022FCF74E
:1074A000C7FB204602210122FCF7C2FB022000F0AC
:1074B0001BF901200F2100F03DFC11203D2100F0BF
:1074C00039FC2D201E2100F035FC2C20002100F07D
:1074D00031FC2A208D2100F02DFC2B203E2100F0D4
:1074E00029FC1520402100F025FC002010BD0000E3
:1074F0007047000070B582B000F0C2F938B140F2B8
:107500004D60C2F200000021017002B070BD00F0B9
:107510007DF840F22A55C2F20005287068B30428AD
:1075200049D840F24D60C2F20000002101700120F4
:10753000012400F0FFF9FEF7F7FA20A228201C2111
:1075400008230826FEF7CEFF2A7850201C210123AD
:107550000096FEF75DFFFFF779F840F20D10C2F2DA
:107560000000047040F20400C2F200000470FBF757
:107570004BF90120FEF70AFA16E040F24D60C2F224
:107580000000017821B901210170012000F0B2F959
:10759000FEF7CAFA0BA21C201C210823FEF7A2FF4B
:1075A000FFF754F8FBF748F941F2883002B0BDE824
:1075B000704000F08FBB0628A1D0A6E7BFA84944C1
:1075C0003A000000BFA8C6ACB4EDCEF3A3A1000002
:1075D00080B5FFF757FF142000F086F800F0FC019B
:1075E000142000F0A7FB142000F07EF8800707D1DC
:1075F000142000F079F840F00301142000F09AFB09
:107600004120BDE88040FEF709B8000010B540F207
:107610001551C2F200015220FFF704FF00281CBFE1
:10762000062010BD40F21954C2F200042046FFF7B4
:1076300011FE00281CBF052010BD40F20C01C2F253
:10764000000120780A7890420DD162784B789A42F6
:1076500009D1A2788B789A4205D1E278C9788A421A
:1076600004BF012010BD40F21001C2F200010A78EF
:1076700090420DD162784B789A4209D1A2788B78EA
:107680009A4205D1E278C9788A4204BF022010BD2F
:1076900040F21401C2F200010A7890420DD16278E2
:1076A0004B789A4209D1A2788B789A4205D1E27838
:1076B000C9788A4204BF032010BD40F21801C2F20B
:1076C00000010A7890420DD160784A78904209D141
:1076D000A0788A78904205D1E078C978884204BFC2
:1076E000042010BD002010BD70B540F60004C4F2A7
:1076F00001040546204680210022FCF799FA6FF02C
:107700007F0040EA45050826204640210022FCF77C
:107710008FFAE8B2C20920462021FCF789FA2046F8
:1077200040210122FCF784FA013E30064FEA45056C
:10773000EAD10826002500BF204640210022FCF7A0
:1077400077FA204640210122FCF772FA20461021E8
:10775000FCF768FA0138B0FA80F04009013E3106C2
:1077600040EA4505E8D1204680210122FCF760FA75
:10777000204640210122FCF75BFAE8B270BD000010
:10778000B0B54DF20004C0F600042046FBF750FDF2
:1077900040F20C05C2F200052870A01CFBF748FD62
:1077A0006870201DFBF744FDA870A01DFBF740FD8D
:1077B000E87004F58060FBF73BFD40F210054DF2E8
:1077C0000244C2F20005C0F6000428702046FBF710
:1077D0002FFD6870A01CFBF72BFDA870201DFBF788
:1077E00027FD4DF60004C0F60004E8702046FBF7C4
:1077F0001FFD40F21405C2F200052870A01CFBF723
:1078000017FD6870201DFBF713FDA870A01DFBF786
:107810000FFDE87004F58060FBF70AFD40F21805E3
:107820004DF60244C2F20005C0F60004287020465E
:10783000FBF7FEFC6870A01CFBF7FAFCA870201D8B
:10784000FBF7F6FCE870B0BD7047000040F24C60FA
:10785000C2F20000002101707047000040F22B507E
:10786000C2F200000021017040F22460C2F2000068
:10787000017040F24C60C2F20000017070470000DD
:1078800010B540F22464C2F200042078012812D11D
:10789000FCF7D4F940F22061C2F200010968401AF5
:1078A00047F23051884206D340F22B510020C2F2F9
:1078B000000120700870207810BD000040F22460A4
:1078C000C2F20000007801281CBF0020704780B57C
:1078D000FCF7B4F940F22061C2F20001096847F2F6
:1078E0002F52411A47F23050401A914288BF00206F
:1078F00080BD0000B0B540F22464C2F200042178DB
:10790000B1B940F22B55C2F2000529780131297036
:107910000021FAF7D1FD2878052838BFB0BD012035
:107920002070FCF78BF940F22061C2F20001086080
:10793000B0BD000010B540F22B51C2F20001002290
:107940000A7040F22461C2F200010A700121012490
:10795000FAF7B2FD40F24C60C2F200000470FCF78E
:107960006DF947F23051084440F24861C2F200011B
:10797000086010BD10B540F24C64C2F200042078DB
:1079800001281CBF002010BDFCF758F940F24861E7
:10799000C2F200010968401A4FF000005CBF20707D
:1079A000012010BD40F24C60C2F2000000780128B6
:1079B00018BF704780B5FCF741F947F230510844D1
:1079C00040F24861C2F200010860BDE880407047A3
:1079D0002DE9F04782B049F2C47849F2F47949F6CA
:1079E0006E0A0025C0F60008C0F600090126C0F6A0
:1079F000000A00BFFEF798F805F10A00C4B21E2085
:107A0000214610221023EFB2CDF80080FEF76AFC69
:107A10005220214610221023CDF80090FEF762FC80
:107A2000C5F10600C4B22820202106222346009674
:107A3000FEF784F858202021062223460096FEF700
:107A40007DF83620282114221423CDF800A0FEF75B
:107A500049FCFEF7FBFD6420FBF7E0FE022F05F179
:107A60000105C7D300250126FEF75EF8C5F10C001D
:107A7000C4B21E20214610221023EFB2CDF80080A0
:107A8000FEF730FC5220214610221023CDF8009042
:107A9000FEF728FC45F00400C4B22820202106226D
:107AA00023460096FEF74AF8582020210622234656
:107AB0000096FEF743F83620282114221423CDF82F
:107AC00000A0FEF70FFCFEF7C1FD6420FBF7A6FE49
:107AD000022F05F10105C7D34FF4FA7002B0BDE8DB
:107AE000F047FBF79BBE0000FCF7E4B870470000CE
:107AF00040F23850C2F20000FCF72ABE406A002172
:107B0000C185C184FCF7DABE90F84210222918BF63
:107B100070478268B2F5805F02D1016900294AD0BE
:107B2000816AB2F5805F07D00AB9026922B10268A2
:107B3000526802F07F0201E0026852680A70816AAE
:107B400001318162C18D01390A04C18500D07047BD
:107B50000168CA6822F02002CA60CA6822F48072F2
:107B6000CA604A6922F001024A61202180F842106D
:107B700000214163026B012A18BFFDF727B981B0CC
:107B8000016300BF016851E8031F026821F0100182
:107B900042E80313002BF5D101680A68D20606D526
:107BA000002200920A680092496800910099818D34
:107BB00001B0FCF781BE0168826A49686FF35F21FA
:107BC00022F8021B8262BDE740F28050C2F2000040
:107BD000FCF776BE40F2C850C2F20000FCF770BE5F
:107BE000F0B581B0FDF7A0FF40F21060C2F20000D6
:107BF00000240471046040F21860C2F200000460C6
:107C000000F04AF840F22955C2F200052C70FFF747
:107C1000B1FE08B3FDF788FF4BF2B872C0F6000260
:107C200014201C210823FEF75DFCFEF70FFDFAF778
:107C3000EBFD0020FDF7AAFE40F2040040F20D1615
:107C4000C2F200000121C2F200062C700170002077
:107C50003070002001B0F0BD40F2577640F20817B6
:107C6000C2F20006C2F20007FFF70AFE0028F0D1B8
:107C700030780028EBD1FDF753FB0D283870E8D0A1
:107C8000FDF792FA00F008F82C70FFF773FE002859
:107C9000EAD0BFE7FEE7000040F22C50C2F200003D
:107CA000FCF702B842F20400CEF20400016806229A
:107CB00041F48071016040F22C5043F20001C2F2A5
:107CC0000000C4F2000140F6FF7380E80E00FBF7ED
:107CD000BBBF000070B582B00446FBF7AFFF05469E
:107CE000FBF7ACFF401BA04221D20DF1060607E0D6
:107CF0000A2000F06DF8FBF7A1FF401BA04216D24E
:107D0000FFF7CAFF52203146FFF78CFB0028EFD067
:107D100052203146FFF786FB0028E9D05220314639
:107D2000FFF780FB0028E3D0012002B070BD0020E7
:107D300002B070BDF0B581B040F60004C4F2010499
:107D40000D460646204640210022FBF771FF2046E3
:107D500080210022FBF76CFF7E2000EA4606082700
:107D6000F0B2C20920462021FBF762FF20464021E5
:107D70000122FBF75DFF2046402100227600FBF741
:107D800057FF013F3806EBD1082600BFE8B2C20911
:107D900020462021FBF74CFF204640210122FBF723
:107DA00047FF2046402100226D00FBF741FF013EC6
:107DB0003006EBD1204680210122FBF739FF204617
:107DC0004021012201B0BDE8F040FBF731BF0000C7
:107DD0007047000090B0FBF77BFF06AC20462821DF
:107DE000F8F742FB012006900A904FF4E0100025BE
:107DF0004FF4803102260F9020460595CDE90355BA
:107E0000CDE90155CDE90715CDE90D61FCF712F972
:107E100018B1EFF3108072B6FEE70F20CDE901062E
:107E20004FF48060CDE9040501A802210395FBF71A
:107E3000FFFF20B1EFF3108072B600BFFEE7FDF741
:107E400029FCFDF7D3FCFDF70FFDFDF72BFDFAF73D
:107E500021FDFEF763F9FFF7BBFBFFF76DF9FFF7B5
:107E6000FDFCFFF71FFF40F2C85040F25871C2F20C
:107E70000000C2F200010122FCF77EFF40F28050B8
:107E800040F22851C2F20000C2F200010122FCF7C8
:107E900073FFFDF749FE40F23850C2F20000FCF7D4
:107EA00051FBFDF729FD40F2105440F20D1B40F24A
:107EB000295AC2F2000440F22456C2F2000BC2F268
:107EC000000A671EC2F200064FF0000906AD2BE063
:107ED000FDF72AFE20201C21A4A20823FEF702FBA6
:107EE000BDF818001C21421C582001233D460827DC
:107EF00000972F46FEF78CFAFEF7A8FBFAF784FCF2
:107F00000120FDF743FD40F204010120C2F200010F
:107F100008708BF800000220FFF70CFD06AD00BFD3
:107F2000FFF7E8FAFDF70EFBFFF7B6FEFFF728FCB8
:107F30009BF80000D0B18AF80090FAF721FC0028E5
:107F4000F2D1FDF7F1FDFDF7F7FCFEF77FFBFBF744
:107F5000A3FA01380628E7D8DFE800F004E6B7C046
:107F6000B4E9F200FEF72AFCDEE700BF9AF8000051
:107F7000042835D14FF0FF30394600BF321852780F
:107F80000130032801F8012FF8D184F804908AF811
:107F90000090FFF775FC50B92846FFF707F9012854
:107FA0006BD120462946F8F787FA00286FD0FFF7F3
:107FB00067FC28BB0320FFF79DFCFDF7B5FD1C20E7
:107FC0001C2164A20823FEF78DFAFEF73FFBFAF7A7
:107FD00033FC4FF41670FBF721FCFDF7A5FD0FE015
:107FE0009AF8000060B1FBF729FE40F22051C2F27E
:107FF00000010968401AB0F5967F88BF8AF80090A2
:10800000FFF73EFC00287FF48BAFFEF73DFE012812
:108010007FF486AF284640F6B831F9F7EFFB002829
:108020007FF456AF0220FFF765FCFDF77DFD1420BD
:108030001C2150A20823FEF755FAFEF707FBFAF7BA
:10804000FBFBFBF7FBFD8046FEF71EFE002841F21E
:1080500087353FF463AF00BFFBF7F0FDA0EB0800EE
:10806000A8423FF65BAFFFF717FE3220FBF7D6FBC7
:10807000FEF70AFE0028EFD150E74BF200712046D0
:10808000C0F600010522F8F71DF900288FD1FDF791
:108090004BFD1C201C2132A20823FEF723FAFEF719
:1080A000D5FAFAF7B1FB0120FDF770FC40F20401AC
:1080B0000120C2F2000108708BF800000320FFF7D6
:1080C00039FC9DE7FAF76EF82EE740F21C0101201B
:1080D000C2F200010870FAF785FC25E7FFF7B6FB4E
:1080E000FDF722FD14201C2117A20823FEF7FAF940
:1080F00054201C212E220823FEF7C0F85C201C21EE
:108100002E220823FEF7BAF864201C212E22082311
:10811000FEF7B4F8FEF79AFA0020FDF737FC8AF86C
:1081200000908BF80090FFE6F9F756FEFCE640F26F
:108130001D010120C2F200010870FAF729FEF3E6E2
:10814000FAF772FAF0E600BFD5FDD4DAB9D8CBF869
:1081500000000000C3DCC2EBB4EDCEF3A3A100002D
:10816000BDE2CBF8B3C9B9A6A3A10000D6B8CEC66C
:1081700049443A00D6B8CEC6CEB4C6A5C5E421005F
:108180005FEA400C08BF91F0000F4FEA8C234FEAE2
:10819000C12243EA51514FEA1C5018BF00F5F0408C
:1081A0004FEA300018BF41F000415FEA6C5C00F01C
:1081B0002980BCF1FF3F08BF40F080407047130C9E
:1081C00006BF12044FF0100C4FF0000C130E04BF4A
:1081D00012020CF1080C130F04BF12010CF1040C75
:1081E000930F04BF92000CF1020CD30F04BF520096
:1081F0000CF1010C11464FF00002A0F11F00A0EBA2
:108200000C00704711F0004F08BF704731F000417B
:108210003FF4D5AF0B0C06BF09044FF0100C4FF024
:10822000000C0B0E04BF09020CF1080C0B0F04BF6D
:1082300009010CF1040C8B0F04BF89000CF1020C36
:10824000CB0F04BF49000CF1010CCCF1200322FA42
:1082500003F341EA030102FA0CF2A0EB0C0000F177
:108260000100704723F07F4720F07F4C80EA030035
:1082700000F00040ACEB070303F57C5303F1FF0370
:108280002DE9804909B44FEA144324EA03484FEA30
:10829000154B25EA0B4E0FF2042606EB13273E780A
:1082A00003FB0667C7F5000707FB06F64FEAD6464D
:1082B00006F102064FEA543707FB066CCCF1005C6E
:1082C0004FEA1C472CEA074C0CFB06F507FB06F4AB
:1082D00004EB15464FEA961649085FEA320234BFAE
:1082E00000204FF000404FEAD13706FB07FC4FEA71
:1082F0001C4C0CFB0BF7D21B03FB0CF761EB0701CB
:108300000CFB0EF7B0EB074072EB17420CFB08F7C3
:1083100034BFA2EB0742B2EB074261EB17414FEAD1
:108320000C444FEA910706FB07FC4FEA1C4C0CFB80
:108330000BF7B0EBC74072EB573203FB0CF734BFBF
:10834000A2EBC742B2EBC74261EB57310CFB0EF711
:10835000B0EBC70072EB57720CFB08F734BFA2EB0F
:10836000C702B2EBC70261EB57714FEA816141EA84
:1083700092114FEA826242EA90124FEA806004EB67
:10838000CC04039F4FEAD13706FB07FC4FEA1C4C95
:108390000CFB0BF7D21B03FB0CF761EB07010CFB8B
:1083A0000EF7B0EB074072EB17420CFB08F734BF37
:1083B000A2EB0742B2EB074261EB17414FEA8C5543
:1083C00004EB9C244FEA910706FB07FC4FEA1C4C88
:1083D0000CFB0BF7B0EBC74072EB573203FB0CF70B
:1083E00034BFA2EBC742B2EBC74261EB57310CFB83
:1083F0000EF7B0EBC70072EB57720CFB08F734BFF7
:10840000A2EBC702B2EBC70261EB57714FEA816181
:1084100041EA92114FEA826242EA90124FEA80608A
:1084200015EB4C2544F100044FEAD13706FB07FC5D
:108430004FEA1C4C0CFB0BF7D21B03FB0CF761EB58
:1084400007010CFB0EF7B0EB074072EB17420CFB79
:1084500008F734BFA2EB0742B2EB074261EB1741CA
:108460004FEA813141EA92414FEA823242EA904238
:108470004FEA80304FEA0C7615EB1C1544F10004EE
:1084800048EA03434EEA0B484FF0000EB2EB080CEB
:1084900071EB030724BF624639464EEB0E0E4FF0D8
:1084A000000B0018524149414BEB0B0BB2EB080C8F
:1084B00071EB03077BF1000B24BF624639464EEB9C
:1084C0000E0E4FF0000B0018524149414BEB0B0BC5
:1084D000B2EB080C71EB03077BF1000B24BF624683
:1084E00039464EEB0E0E51EA020718BF46F0010660
:1084F00016EB0E7655F1000254F1000103D5BDE8EC
:108500008901BDE80088BDE88901BDE80048B619C9
:10851000524141EB0101A3F10103704780807F7E4E
:108520007D7C7B7A797877767675747372717170E9
:108530006F6E6E6D6C6C6B6A6A696868676666659B
:108540006464636362616160605F5F5E5E5D5D5C29
:108550005C5B5B5A5A59595858575756565555559A
:108560005454535352525251515050504F4F4F4EFA
:108570004E4D4D4D4C4C4C4B4B4B4A4A4A49494948
:10858000484848474747474646464545454444448A
:108590004443434343424242424141419C46002BB3
:1085A00030D477002BD04FEA37071CB503B44FF017
:1085B00010004FF01001BAF1000F06D0BCF1000F0F
:1085C000DCBF40F0080040F008014FF000000FBC95
:1085D000BDE810400BF1010BBBF1010F08BF5FEAD2
:1085E000170722BF12F1010211F101014FF0004102
:1085F00043F1000300F0004043EA00007047F9D364
:108600005708D0E746EA06464FEA164613F1400FF0
:108610001FDD13F1200FDFBF16430A460021203370
:108620005B42BED0C3F1200746EA06464FEA164633
:1086300002FA07F746EA070622FA03F2C3F1200717
:1086400001FA07F742EA070221FA03F14FF00003AB
:10865000A7E746EA020646EA06464FEA164646EA13
:108660000106BCBF46EA0646360C4FF000034FF049
:1086700000024FF0000194E72DE9804C70B49A4657
:10868000934691E8380007C831EA400C48BF34EA05
:10869000430C03D5FFF7E6FDFFF780FFF0BCBDE814
:1086A000008C2DE9804C70B49A46934691E83800CE
:1086B00007C810F0804F08BF13F0804F03D100F0BF
:1086C00005F8FFF76BFFF0BCBDE8008C20F07F479A
:1086D00023F07F4C80EA030000F0004007EB0C031E
:1086E000A3F57C53A3F1FE0392F0000F00F0B380DA
:1086F00095F0000F00F077802DE901494FEA114015
:1087000021EA00484FEA144624EA064700FB06FC2B
:1087100008FB06F607FB08F818EB06484CEB164C6E
:1087200000FB07F718EB07484CEB17404FEA124BDA
:1087300022EA0B4E4FEA154625EA06470BFB06FCDC
:108740000EFB06F607FB0EFE1EEB064E4CEB164C20
:108750000BFB07F71EEB074E4CEB174B18EB0B0808
:1087600040F1000018EB0E0B58EB000840F1000040
:108770008F1A4FF000014FF000063CBFC943661B43
:1087800014BFB5EB040C00213CBFC943F61B4FEAF4
:10879000174427EA04454FEA1C472CEA074C04FB20
:1087A000076205FB07F70CFB05F616EB074642EBE5
:1087B000174204FB0CFC16EB0C4642EB1C421BEB75
:1087C000060658EB020241414EEA8E0E46EA9E062C
:1087D00001D5BDE80189B619524141EB0101A3F170
:1087E0000103BDE801894FEA144524EA05464FEA32
:1087F000114721EA074C05FB07F406FB07F70CFBC2
:1088000006F111EB074144EB174405FB0CFC11EB9F
:108810000C4144EB1C444FEA124722EA074C05FB8B
:1088200007F206FB07F70CFB06F616EB074642EBD2
:10883000174205FB0CFC16EB0C4642EB1C456A1874
:1088400054F1000148BF7047B619524141EB010194
:10885000A3F10103704795F0000F37D04FEA1142A2
:1088600021EA02464FEA144724EA074C02FB07F1CB
:1088700006FB07F70CFB06F414EB074441EB17412A
:1088800002FB0CFC14EB0C4441EB1C414FEA154776
:1088900025EA074C02FB07F506FB07F70CFB06F67B
:1088A00016EB074645EB174502FB0CFC16EB0C4696
:1088B00045EB1C42121951F1000148BF7047B6192F
:1088C000524141EB0101A3F1010370474FEA144506
:1088D00024EA05464FEA114721EA074C05FB07F158
:1088E00006FB07F70CFB06F212EB074241EB1741C0
:1088F00005FB0CFC12EB0C4251EB1C414FF0000647
:1089000048BF7047921841EB0101A3F10103704782
:10891000490050EAC12018BF04204A0D18BF40F09A
:10892000010040F2FF72B2EB515F08BF40F002005D
:10893000012808BF0520704730380A2801D20120DD
:10894000704700207047000010B500290AD0087851
:10895000002807D005487844F7F7AEFD002801D07D
:10896000002010BD0248784410BD0000AE2E00006B
:10897000A62E000010B500290AD00878002807D0DC
:1089800005487844F7F798FD002801D0002010BD75
:108990000248784410BD00009E2E0000962E000074
:1089A00021F0004201F00043A2F16052B2F5801FB5
:1089B00028BFD2F17F6C0BD95FEA001C43EAC202E8
:1089C00042EB507018BF704728BF20F0010070477D
:1089D000B2F5801FBCBF184670474FEA410C1CF52A
:1089E000001F02D2084600F047BD70B500F046FAFD
:1089F00000000089FFF7F6BF4FF00040A0F58000AF
:108A00007047000010B591EA030F48BF83F00043A0
:108A100000F19082841A71EB030C05D2121943EB1A
:108A20000C03001B61EB0C014FEA1154A4EB135C27
:108A3000DFF81CE11EEA430F18BF9EEA445F00F016
:108A4000748021EA045123EA0E0343F48013DCF11D
:108A5000200E32D322FA0CFE10EB0E0023FA0CFE8D
:108A600041EB0E01CCF1200E03FA0EFE10EB0E00CE
:108A7000CCF1200E51F10001B1F5801F32D201EB93
:108A8000045112FA0EF2BDE8104058BF7047401C66
:108A900038BF5FEA420218BF7047002814BF20F0B9
:108AA000010041F100014FEA410313F5001F38BFF7
:108AB0007047A1F1C04100F02FBA012A43EB030235
:108AC000ACF1200CDCF11F0E32BF4FF0000E23FA88
:108AD0000CF310EB030041EB0451B4EB115FD0D069
:108AE000A1EB045101F58011490801EB04515FEA43
:108AF00030000ED350F1000038BF12FA0EFE08D13C
:108B0000BDE81040C9E7401C38BF5FEA4202CAD145
:108B1000C3E7BDE810404FEA410313F5001F38BF1B
:108B20007047A1F1C04100F0F7B99EEA445F08D058
:108B300011EA5E0FBDE8104004BF01F000410020C3
:108B40007047BDE8104070B500F098F964FBBE3E78
:108B50000000E0FF491058BFC1F140415B1058BF11
:108B6000C3F140438B42EFF30080704751EA030C9E
:108B700017D41CF5801F58BFBCF5801F00F106807C
:108B8000994218BF704708BF9042704707D711F548
:108B9000801F58BF13F5801F19D49942704789422E
:108BA00070471CF5801F08D5BCF5801FF7D58B4298
:108BB00018BF704708BF824270474FF4001C1CEB7F
:108BC000410F38BF1CEB430F01D28B42704770B589
:108BD00000F054F9922449004FF000514FF08053B7
:108BE000FFF7B8BF10F0004248BF4042B0FA80F330
:108BF00010FA03F10AD0C3F11D0303F5806302EB01
:108C000003524FEA415002EBD12170474FF0000070
:108C10007047B0FA80F310FA03F10AD0C3F11D03D4
:108C200003F580634FEA03524FEA415002EBD12132
:108C300070474FF00000704751EA030C17D41CF541
:108C4000801F58BFBCF5801F00F10680994218BFF5
:108C5000704708BF9042704707D711F5801F58BF73
:108C600013F5801F19D499427047894270471CF54B
:108C7000801F08D5BCF5801FF7D58B4218BF704701
:108C800008BF824270474FF4001C1CEB410F38BFF5
:108C90001CEB430F01D28B42704770B500F0EEF829
:108CA000922449004FF080514FF00053FFF752BF1C
:108CB00051EA030C17D41CF5801F58BFBCF5801F68
:108CC00000F10680994218BF704708BF9042704774
:108CD00007D711F5801F58BF13F5801F19D499428B
:108CE0007047894270471CF5801F08D5BCF5801F6E
:108CF000F7D58B4218BF704708BF824270474FF4C8
:108D0000001C1CEB410F38BF1CEB430F01D28B4200
:108D1000704770B500F0B2F8922449004FF000514E
:108D20004FF08053FFF716BF70B5DFF848C11CEA5B
:108D3000111E1EBF1CEA13159EEA0C0F95EA0C0FBC
:108D400000F06F8081EA03044EEAD47EAE4421EA4B
:108D50004C1123EA4C1341F4801143F48013AEF11B
:108D60007F7EA1FB024CA0FB0365361955EB0C0579
:108D7000A1FB034C4CF10003A0FB021C16EB0C06FC
:108D8000654153F10003094218BF46F0010613F490
:108D9000007F0BD14FEA03314FEA053041EA15510C
:108DA00040EA165034036FF003020AE04FEAC32191
:108DB0004FEAC52041EA555140EA5650F4026FF09F
:108DC000020202EB2E4201EB025585EACE710AD077
:108DD0005FEA440C18BF24F0004450F1000041F158
:108DE000000120EAD47040F2FE7C624500D270BDE2
:108DF000A84214BF4FF080444FF04044002E08BFFB
:108E00000024BEF1806FA8BFA1F1C041BDE8704051
:108E100080F2828001F1C04101F000414FF000007A
:108E200070470CEA13159EEA0C0F18BF95EA0C0F59
:108E300006D081EA030E4FF000000EF0004170BD35
:108E400000F01CF88900013E00F007B800F009B8F6
:108E50004FEA430C5FEA5C5C08D081EA030100F052
:108E60005BB84FEA410C5FEA5C5CF6D102494FF017
:108E7000000070470000FF070000F87F0EF1020EAF
:108E80002EF0030E5EF8046B364205D4012A43EB44
:108E9000030515F5001F12D8012841EB010C1CF544
:108EA000001F0CD80ED14FEAD17C0CEB4C0C0CF10E
:108EB000020C15F5001F08BF4CEBD37C04E04FF00B
:108EC000080C01E04FEAD37C0CEB4C0526FA05F6C2
:108ED00006F00706B6F1040C06D20EEB860CBDE8D0
:108EE00070404CF0010C6047DFE80CF0090B020207
:108EF0004FF00041A1F500214FF0000070BD194670
:108F00001046012851EB010418BFD4F5001484BFAA
:108F1000002001F0004170BD0808A0F500114FEAE3
:108F20003101704710B591EA030F48BF83F0004349
:108F30003FF570AD841A71EB030C07D28CF0004C36
:108F4000121943EB0C03001B61EB0C014FEA1154A7
:108F5000A4EB135CDFF8A4E11EEA430F18BF9EEAFE
:108F6000445F00F0B48021EA045123EA6E035242C8
:108F7000C3EB6E0338BF5B1EDCF1200E25D322FA53
:108F80000CFE10EB0E0043FA0CFE41EB0E01CCF18F
:108F9000200E03FA0EFE10EB0E00CCF1200E51F164
:108FA000000129D401EB045112FA0EF2BDE8104081
:108FB00058BF7047401C1CBFB2F1004F70470028DB
:108FC0000CBF491C20F00100704712EB020E43EB6E
:108FD000030218BF4FF0010E4EEA4202ACF1200C22
:108FE000DCF11E0E56D943FA0CFE10EB0E00CCF14C
:108FF0001E0E51F1FF31D5D50EF1010E12FA0EFE03
:10900000404141EB010101EB445C5FEA5C5C10D93B
:1090100001EB045110EBDE7038BFBEF1004FBDE82C
:10902000104018BF704700280CBF491C20F00100F9
:10903000704734D24FEAD42C24F4006411F50011A7
:109040001BD0B1FA81F20B3AA41AA41ED2F120036C
:10905000914030FA03F31943904001EBCC7101EBDE
:109060000451002CBDE81040A8BF704701F1C04179
:1090700001F000414FF000007047B0FA80F310FAA1
:1090800003F102D1BDE810407047E41A173C4805CF
:10909000C90AE2E701EB0451BDE8104070474910EE
:1090A0004FEA300001EB0451BDE8104002E04FF000
:1090B000000170474A0008BF0042F8D0B2F5001F17
:1090C00028BF704701F000414FF0000070479EEA52
:1090D000445F07D011EA5E0FBDE8104004BF0021D5
:1090E00000207047BDE8104070B5FFF7C7FE00BF15
:1090F00040DFF63E104683F0004170470000E0FF7D
:1091000090EA010F48BF81F0004100F1C281421A8C
:109110003CBF801A89184FEAD052A2EBD1534FF0CE
:109120007F4C1CEA410F18BF9CEA026F00F03B80A5
:109130004FF0004C4CEA00204CEA012121FA03FCDC
:1091400010EB0C0C1ED202F1FF325FEA1C2040EB48
:10915000C25038BF70471CF07F0F4FEA400C18BF59
:10916000BCF17F4F38BF7047C3F12003994008BF5F
:1091700020F00100BCF17F4F38BF7047A0F1C04024
:1091800000F07AB94FEA3C00000A40EBC25028BF19
:109190001CF0FF0F4FEA400CE6D018BFBCF17F4F28
:1091A00038BF7047EAE79CEA026F05D010EA5C0F0F
:1091B00008BF00F00040704710B500F017F900BF7D
:1091C00064FBBE3E10B5FFF7D1FC0CBF01200020B0
:1091D00010BD10B5FFF7CAFC14BF0120002010BD60
:1091E00010B5FFF729FD8CBF0120002010BD10B580
:1091F000FFF722FD2CBF0120002010BD10B5FFF7A6
:1092000057FD94BF0120002010BD10B5FFF750FDA1
:1092100034BF0120002010BD10B500F033F80CBFA2
:109220000120002010BD10B500F02CF814BF012063
:10923000002010BD10B500F071F88CBF0120002097
:1092400010BD10B500F06AF82CBF0120002010BD41
:1092500010B500F097F894BF0120002010BD10B5A4
:1092600000F090F834BF0120002010BD401058BF1E
:10927000C0F14040491058BFC1F140418142EFF375
:109280000080704750EA010C00F113801CF5000FBC
:1092900058BFBCF5000F01D48842704707D710F5BE
:1092A000000F58BF11F5000F15D48842704789424E
:1092B00070471CF5000F04D5BCF5000FF7D58142AF
:1092C00070474FF0807C1CEB400F38BF1CEB410F08
:1092D00001D28142704710B500F088F8922449000D
:1092E0004FF000504FF08051FFF7C0BF10F0004129
:1092F00048BF4042B0FA80F310FA03F2C3F19D0375
:109300000BD051EAC35101EB1220530638BF70470E
:1093100000F1010008BF20F00100704750EA010C85
:1093200000F113801CF5000F58BFBCF5000F01D4ED
:109330008842704707D710F5000F58BF11F5000F8E
:1093400015D488427047894270471CF5000F04D538
:10935000BCF5000FF7D5814270474FF0807C1CEBC5
:10936000400F38BF1CEB410F01D28142704710B54E
:1093700000F03CF8922449004FF080504FF000512B
:10938000FFF774BF50EA010C00F113801CF5000FC9
:1093900058BFBCF5000F01D48842704707D710F5BD
:1093A000000F58BF11F5000F15D48842704789424D
:1093B00070471CF5000F04D5BCF5000FF7D58142AE
:1093C00070474FF0807C1CEB400F38BF1CEB410F07
:1093D00001D28142704710B500F008F8922449008C
:1093E0004FF000504FF08051FFF740BF0EF1020EDA
:1093F0002EF0030E5EF8044B244204D44FEA4102DF
:10940000B2F17F4F11D84FEA4003B3F17F4F0CD830
:109410000ED14FEAD07C0CEB4C0C0CF1020CB2F1EB
:109420007F4F08BF4CEBD17C04E04FF0080C01E00B
:109430004FEAD17C0CEB4C0324FA03F404F007044C
:10944000B4F1040C06D20EEB840CBDE810404CF0D5
:10945000010C6047DFE80CF0070802024FF0004003
:10946000A0F5800010BD0846420018BFD2F18072FE
:1094700088BF00F0004010BDFF2141EAD050C00578
:109480007047000090EA010F48BF81F000413FF5AE
:109490003EAE421A04D882F00042A0EB0200114412
:1094A0004FEAD052A2EBD1534FF07F4C1CEA410F50
:1094B00018BF9CEA026F4AD04FF0004C4CEA0020E3
:1094C0004CEA012121FA03FCB0EB0C0C0FD412F092
:1094D000FE0F36D05FEA4C001DD5001240EBC250A3
:1094E00038BF70471CF03F0F18BF70470BE05FEAB2
:1094F0001C20A2F1010240EBC25038BF70471CF0A3
:109500007F0F18BF7047C3F12003994014BF401E5E
:1095100020F0010070474FEA1223800808BF70470F
:10952000B0FA80FCA2EB0C02CCF1280C60FA0CF033
:1095300093EA122F04BF00EBC25070474FEAC3708A
:109540007047130A5FEADC1008BF7047F6E79CEA31
:10955000026F04D010EA5C0F08BF0020704710B5FE
:10956000FFF744FF40DFF63E81F000407047F7F719
:109570007EBCF7F7B3BD0000000000000000000053
:109580003031323334353637383941424344454639
:109590004030580030313233343536373839616233
:1095A0006364656640307800040000080000000035
:1095B0000000000200010000103031323334353633
:1095C00037383961626364656678700030313233F0
:1095D0003435363738394142434445465850000007
:1095E00002400000000000A0000000000540000054
:1095F000000000C8000000000C4000000000409C7B
:1096000000000000194000000020BCBE0000000067
:1096100034400000BFC91B8E00000004B5400000AC
:10962000504BCFD06607E2CF010000006C41000034
:109630003E8251AADFEEA73401000000D9420000AB
:10964000DCB5A0E23A301F97FFFFFFFFB4450000F2
:10965000FD25A0C8E9A3C14FFFFFFFFFFF3F0000AA
:109660000000008000000000FF3F000000000080BC
:1096700000000000000000000000000001020304E0
:1096800006070809000000000102030400000000B2
:10969000000000000F0101010000000000000000B8
:1096A0000000F0808080000000000101010F000038
:1096B0000000000000000000808080F0000000003A
:1096C000000000000000000000000000000000009A
:1096D000000000000000000000000000000000008A
:1096E000000000000000000000000000000000007A
:1096F000000000000000000000000000000000006A
:109700000000000000000000000000000000000059
:109710000000000000000000000000000000000049
:109720000000000000000000000000000000000039
:109730000000000000000000000000000000000029
:109740000000000000000000000000000000000019
:109750000000000000000000000000000000000009
:1097600000000000000000000000000000000000F9
:1097700000000000000000000000000000000000E9
:1097800000000000000000000000000000000000D9
:1097900000000000000000000000000000000000C9
:1097A00000000000000000000000000000000000B9
:1097B00000000000000000000000000000000000A9
:1097C000000000000000000000000000000080E039
:1097D000F03C0E002030301018180C0C0E0703015E
:1097E0000000000000000000000000000000000079
:1097F00000000000000E3CF0E080000000000000CF
:1098000000000000000000000103070E0C0C1818F7
:1098100010303020000000000000000000000000B8
:1098200000000000010200000000000000E0F0382D
:109830001818181838F0E0000000000000000000C0
:10984000000000FCFEFFFFFEE60606E6FEFFFFFE50
:10985000FC00000000000000000000000103030302
:1098600003030303030303010000000000000000E2
:1098700000000000000000000000000000000000E8
:10988000000003061C3030202030381E1E383020E7
:109890002030301C06030000000000000000000023
:1098A00000000000000000000000D6C70010945324
:1098B000321E325210007E4242427E000000000002
:1098C000FF49494949494949FF00000000C4DC00FB
:1098D00008CC4A49484ACC18007F88888482E00036
:1098E00000FF121252927F00007E88888482E0007E
:1098F000C3C50000F80106000002020202020202D3
:10990000FE000000FF00000000000000000040809A
:109910007F0000BDFB00404424147F142400241465
:109920007F14244440000888492909498979090994
:10993000092949880800CFB500000022322AA6A2D2
:10994000622111098101000000004222130B4282B2
:109950007E02020A1223460000CDB3002030AC6321
:10996000300088C8A8998E88A8C88800226722126B
:10997000128040300F00003F40407100B9D8000015
:10998000001011161010F0101014131000000081B8
:1099900081414121110D030D11214141818100CBF4
:1099A000F80020102CE7242400E22C20BF2028E619
:1099B00000000101017F2111804F20100F10204F66
:1099C0008000BDE2002010EC27F42CE00022920E73
:1099D000D2221E000080601F093F89FF000A09098A
:1099E000FF09090800CBF80020102CE7242400E22E
:1099F0002C20BF2028E600000101017F2111804FAB
:109A000020100F10204F8000D0DE004020F807F01B
:109A1000A0904C5724A4544C8080000000FF001FED
:109A20008092524929241208000000B8C40004841E
:109A3000848484FC4030CC0B0808F8080800007FC0
:109A40002010100880402116081621408000C3DC39
:109A500000108C4404E40495A64424148444940C1B
:109A60000002027A414143427E42424243F80000F2
:109A700000C2EB000484E45C44C40002F2828282EF
:109A8000FE80800002017F10103F0008080808488F
:109A900088403F00D2BB00808080808080808080B2
:109AA00080808080808000000000000000000000B6
:109AB00000000000000000B6FE00000008080808D2
:109AC00008080808080808000000101010101010FE
:109AD00010101010101010101000C8FD00000484A9
:109AE00084848484848484848484040000202020EA
:109AF00020202020202020202020202000A1A200A3
:109B00000000000000000000000000000000000055
:109B100000000408183000000000000000000000F1
:109B2000CAE40088681FC80810C85452D1129408AB
:109B3000D01000091909FF0500FF1292FF005F8095
:109B40007F0000C8EB00000000000001E21CE00004
:109B5000000000000000804020100C030000000303
:109B60000C3040808000CBC40000FC040404FC04E2
:109B70000404FC040404FC0000007F2824232020AB
:109B80002020212222227F0000CEBB00008060F82E
:109B90000710901011161010D0100000010000FFE7
:109BA0004040415E4040704E41404000B3C900001B
:109BB00000F8888888880808FF08090AC808008013
:109BC000601F0010201F80402116182641F800B9A0
:109BD000A600080808F80808081010FF101010F078
:109BE00000001030101F088848300E014080403FB0
:109BF0000000A3A100000000FE0000000000000023
:109C00000000000000000000330000000000000021
:109C10000000000000B4ED004030EF246448487FAD
:109C20004848487F4848400001017F211100FF4912
:109C300049494949FF000000CEF3004042CC0000F2
:109C4000809E92929292929E80000000007F2094CB
:109C5000844424140F142444848400B2BB00000202
:109C60000202028242F20E42820202020000100848
:109C70000402010000FF00000001020C0000D7E315
:109C8000000000007E424242C24242427E0000008A
:109C9000008040300E1020407F4444444444404003
:109CA0000020000000000000000000000000000094
:109CB00000000000000000000000000000000000A4
:109CC00000000000D5FD00000202C2020202FE8276
:109CD000828282820200004040407F4040407F40BC
:109CE00040404040404000D4DA00080888C8380CA2
:109CF0000B0808E8080808080800020100FF4041B6
:109D00004141417F414141414000B9D8000000102C
:109D100011161010F0101014131000000081814172
:109D20004121110D030D11214141818100D6D00047
:109D30000000F010101010FF10101010F0000000C4
:109D400000000F04040404FF040404040F000000D6
:109D5000B3F500080889EA1888000404FC04040428
:109D6000FC0000020100FF018640201807408040EF
:109D70003F0000CABC001010F01F10F00040E05877
:109D800047405060C0004022150816210000FE42E6
:109D9000424242FE0000C7EB004042CC0000445467
:109DA00054547F54545444400000007F201000FF5E
:109DB00015151555957F000000D0C200404454652C
:109DC000C664544400FC4444C442400020124A8209
:109DD0007F020A92601F0000FF000000C2BC0080EA
:109DE00080829292929292929292FE808080004023
:109DF0004022241048807F0408182422404000C8D4
:109E0000EB00000000000001E21CE0000000000088
:109E10000000804020100C03000000030C30408044
:109E20008000BFA800404040404040FF44444444BC
:109E30004444404000000000000000FF0000020415
:109E40000810000000D2D1000000E28282828282EB
:109E5000828282FE0000000000003F4040404040FF
:109E60004040404040780000B4E600040484E41C14
:109E70000724242424A46424040400020100FF0015
:109E8000020242827F020202020200C2FA00106055
:109E9000028C0024242FE42424E42F24240004042E
:109EA0007E0100FF11090719090749917F00BAC512
:109EB00000808080BEA2A2A2A2A2A2A2BE808080B8
:109EC0000000000006050404044484443C00000033
:109ED00000C6AC00000000FE20202020203F2020F3
:109EE000202000000080601F020202020202FE0029
:109EF00000000000B1E0002030AC633000FC2425FD
:109F0000262424243C000022672212523807FF092D
:109F10007F093F89FF0000C9BE0080FE8282FE806B
:109F2000FE8282FE8000F800FF00403F0020BF401C
:109F30003F40807F00004F807F00B3FD0000FE2285
:109F40005A8620102824E324281020200000FF0433
:109F50000827110D41817F010509310000CEDE0087
:109F60000040424242C27E42C24242424040000061
:109F7000804020100C0300003F4040404070000033
:109F8000D0A700884828090A28488880708F0808C8
:109F9000F808004020110A040B30804020130C33D5
:109FA000408000CAB600404042CC000000FC0404DF
:109FB000040404FC00000000003F10884023190145
:109FC00001091123C000B1F000003E22E22222224A
:109FD0003E0000F80000FF00008141310F41814147
:109FE0003F00000F40807F0000D6B800101010FF27
:109FF0001090003F48484444444270000444827F2B
:10A00000010000FF4949494949FF0000CEC6002030
:10A0100030AC63100808F8090E08F80808000022A0
:10A02000672212928040211608162140808000CEBF
:10A03000B40080808888888888FF8888888888809D
:10A04000800020201008040201FF010204081020F3
:10A050002000C6A50000FE020202FE020202FE026D
:10A060000202020000007F40504C434040404748FD
:10A0700048484F4000C5E400F212FE12FE12F20002
:10A0800084848484FC000000FF4A49484949FF0059
:10A090003F40404041407000CEE500000242424255
:10A0A000C27E42424242C20202000040404040782A
:10A0B0004740404040407F40404000C1F9002020E0
:10A0C0002020202021222C202020202020000040A1
:10A0D00020100C0300000001020418600000CAA751
:10A0E000000040301E101010FF1010101010000063
:10A0F0000081814121110D0301030D112141818155
:10A1000000B0DC0000FE02FA02FE4020D81710105A
:10A11000F01010008047300F10678040211608169D
:10A1200021408000B8F60080804020100804C3045D
:10A130000810204080800000000000000000FF00A8
:10A1400000000000000000000000FF0101013109D3
:10A15000090909897101010101FFFF808080808068
:10A16000809681808080808080FF00000000000059
:10A1700000000000000000000000000000000000DF
:10A1800000000000000000000000000000000000CF
:10A19000000000F0F0000000000000000000007768
:10A1A0000F000000000000000000001C1C00000068
:10A1B000000000008060301C8C60301C0C0000002F
:10A1C000000000000000000000000000000000008F
:10A1D00000000000000000000000F000000000F09F
:10A1E0000000008383FF83838383FB878300000158
:10A1F0001F01010101011F010100000080C060205A
:10A20000F820E0C00000000003070C18FF71E18196
:10A2100000000000070F12107F100F070000C03071
:10A220001030C00000C03000000007181018CF38F0
:10A23000C6311030C00000001807000007181018C1
:10A2400007000000E0F010F0E00000000000C0E0B7
:10A25000173FF8C70308F8080800070F1810101375
:10A260000F0E1910100C00008C4C3800000000007C
:10A2700000000000000000000000000000000000DE
:10A2800000000000000000000000000000000000CE
:10A290008060100804000000000000FE01000000C3
:10A2A0000000000000000000030C1020400000042B
:10A2B00008106080000000000000000000000001A5
:10A2C000FE0000000000004020100C030000000011
:10A2D0000000000000000000C080000000000066D8
:10A2E00066243810FF183C24666600000000000059
:10A2F00003000000000000000000000080000000DB
:10A300000000001010101010FF10101010100000AE
:10A31000000000000300000000000000000000003A
:10A32000000000000000000000000000000000002D
:10A33000000000008C4C380000000000000000000D
:10A3400000000000000000000000001010101010BD
:10A3500010101010100000000000000000000000AD
:10A3600000000000000000000000000000000000ED
:10A370000000000000000000000000001C1C1C0089
:10A380000000000000000000000000000000E038B5
:10A390000C000000000080701C0300000000006042
:10A3A000380E0100000000000000000080C06020A6
:10A3B0002060C080000000FEFF010000000001FFDF
:10A3C000FE000001070E181010180E070100000013
:10A3D000404040C0E000000000000000000000FF1E
:10A3E000FF000000000000001010101F1F101010D0
:10A3F00000000080402020202060C080000000037A
:10A40000030000C060301F07000000181C1211106C
:10A410001010101E000000C0C020202060C080006E
:10A420000000000101001010182FE7800000000E4E
:10A430000E10101010180F070000000000000000A0
:10A4400080E0E000000000C0A098848380FFFF80CF
:10A450008080000000000010101F1F10100000007E
:10A46000E020202020202020000000003F100808CD
:10A470000818F0E0000000070B101010101C0F036C
:10A480000000000080C040202020E0C0000000FC50
:10A49000FF211008080818F0E0000001070C181050
:10A4A0001010080F03000000C0602020202020E0D2
:10A4B0006000000001000000E0180700000000003C
:10A4C0000000001F1F00000000000080C06020206E
:10A4D000202060C080000083CF6C1810303068CF1F
:10A4E000830000070F0810101010180F070000005D
:10A4F000C0C020202020C0800000001F3F604040DE
:10A50000402010FFFE0000000C1C101010080F036C
:10A51000000000000000000000000000000000003B
:10A520000000001C1C1C0000000000000000001CBB
:10A530001C1C0000000000000000000000000000E3
:10A54000000000000000000C0C00000000000000F3
:10A55000000000D8380000000000000000000000EB
:10A5600000804020100000001028448201000000FC
:10A5700000000000000000000102040810000000BC
:10A580000000000000000000000000444444444477
:10A590004444444444000000000000000000000067
:10A5A00000000000102040800000000000000000BB
:10A5B000000000000182442810000000100804027E
:10A5C00001000000000000008040402020202060AA
:10A5D000C080000007060000E01018080F07000008
:10A5E0000000001C1C1C000000000000C0E0201047
:10A5F0009090A060800000FEFF00F8FF03FC078041
:10A600007F000000070E18111111090C0200000054
:10A6100000008060E00000000000000080784740FB
:10A62000415FF0800000101C131000000000111F9B
:10A6300018100020E0E020202060C0C000000000D2
:10A64000FFFF101010182FE7800000101F1F1010C0
:10A650001010180F0700000080C04020202060E08C
:10A66000800000FCFF01000000000000030000016A
:10A67000070E18101010080C03002020E0E0202026
:10A680002040C08000000000FFFF0000000001FF2C
:10A69000FE0010101F1F101010080E07010020E010
:10A6A000E020202020206060800000FFFF101010BC
:10A6B00010FC00000100101F1F10101010101018C7
:10A6C000060020E0E020202020206060800000FFC5
:10A6D000FF10101010FC00000100101F1F101000D0
:10A6E000000000000000000080C0602020204080AA
:10A6F000000000FCFF0100004040C0C340400001DA
:10A70000070E181010100F0F000020E0E0200000CE
:10A71000000020E0E02000FFFF101010101010FFDC
:10A72000FF00101F1F1000000000101F1F1000006E
:10A73000202020E0E020202000000000000000FF9A
:10A74000FF000000000000001010101F1F1010106C
:10A750000000000000202020E0E020202000000079
:10A7600000000000FFFF000000000060E08080C0EB
:10A770007F3F0000000020E0E0200000A0E060201B
:10A78000000000FFFF300C3AE18000000000101FC5
:10A790001F10000000131E18100020E0E020200011
:10A7A00000000000000000FFFF00000000000000AB
:10A7B0000000101F1F10101010101018060020E0CD
:10A7C000E000000000C0E0E0200000FF0FFFE0809C
:10A7D0007C03FFFF0000101F10000F0700101F1F59
:10A7E00010000020E0E08000002020E02020000099
:10A7F000FF01071E78C000FF000010101F1010009E
:10A8000000030F1F0000000080C060202060C08097
:10A81000000000FEFF010000000000FFFE0000013C
:10A82000070E181010180C07010020E0E02020206F
:10A83000202040C0800000FFFF2020202030101F7B
:10A840000F00101F1F10100000000000000000008B
:10A8500080C060202060C080000000FEFF0100007A
:10A86000000000FFFE000001070E1911173C6C6785
:10A87000210020E0E0202020202060C0800000FF98
:10A88000FF10101070D0080F0700101F1F100000DD
:10A890000001071E18100080C0602020202040E02A
:10A8A000000000070F1C18383070E0E1800000073E
:10A8B0000C0810101010180F07008060202020E0F6
:10A8C000E020202060800100000000FFFF00000069
:10A8D000000100000010101F1F10100000000020D9
:10A8E000E0E02000000020E020000000FFFF00006A
:10A8F000000000FF00000000070F181010100807EC
:10A9000000002060E02000000000A06020000000A7
:10A91000077EE00080780700000000000000071EAE
:10A9200003000000000020E020002060E020002064
:10A93000E0200003FFC0C03C3FF0807C030000002B
:10A94000001F0300001F07000000002060E020003F
:10A950000020E020200000000001877CE886010044
:10A96000000000101816010000131E1810002060CF
:10A97000E0200000000020A060200000010F3CF853
:10A98000E0180601000000000010101F1F1010004A
:10A9900000000080E06020202020A0E020000001D6
:10A9A0000000806018060300000000101C17111042
:10A9B0001010101806000000000000FC040404043D
:10A9C00000000000000000FF000000000000000088
:10A9D0000000007F404040400000000030C0000008
:10A9E000000000000000000000000718E0800000E8
:10A9F000000000000000000000030C708000000058
:10AA000004040404FC00000000000000000000003A
:10AA1000FF00000000000000404040407F000000B8
:10AA2000000000000008040202040800000000000A
:10AA30000000000000000000000000000000000016
:10AA40000000000000000000000000000000000006
:10AA500000000000000000000000000000008080F6
:10AA600080808080808080808080000000040408D6
:10AA700008000000000000000000000000000000CE
:10AA800000000000000000000000000000000000C6
:10AA900000000000000000000000000098988444BE
:10AAA0004444FCF80000000F1F19101010080F1F7D
:10AAB00010180020E0F0000000000000000000007E
:10AAC000FFFF180804040CF8F00000001F0F081026
:10AAD0001010180F0300000000000000000000002C
:10AAE000000000E0F8180404043C380000000003F3
:10AAF0000F0C1010101008060000000000000000ED
:10AB00002020E0F0000000E0F81C04040408FFFF2F
:10AB1000000000030F18101010081F0F080000009D
:10AB2000000000000000000000000000E0F8888441
:10AB300084848CF8E0000000030F0C101010100843
:10AB400004000000000080C0602020E0C00000047D
:10AB50000404FFFF040404000000000010101F1F85
:10AB600010101000000000000000000000000000B5
:10AB70000000000070F88C040CFCF40C0C00007059
:10AB80007ECF85858DCD787800000020E0F0000034
:10AB90000000000000000000FFFF08040404FCF8AF
:10ABA000000000101F1F100000101F1F10000000E9
:10ABB000000000606000000000000000040404FCCD
:10ABC000FE000000000000001010101F1F101010E9
:10ABD0000000000000000000606060000000000055
:10ABE0000000040404FCFE0000000000C0C08080DF
:10ABF000C07F3F0000000020E0F0000000000000E7
:10AC000000000000FFFF8040E01C04040000001072
:10AC10001F1F100000131E1810000000202020E04D
:10AC2000F000000000000000000000FFFF00000036
:10AC3000000000001010101F1F1010100000000076
:10AC40000000000000000000000004FCFC0804FC00
:10AC5000F80804FCFC00101F1F10101F1F10101F0D
:10AC60001F100000000000000000000000000004B1
:10AC7000FCFC08040404FCF8000000101F1F100076
:10AC800000101F1F10000000000000000000000066
:10AC9000000000E0F0180C04040C18F0E0000003C1
:10ACA0000F0C101010100C0F03000000000000002B
:10ACB0000000000000000004FCFC080404040CF880
:10ACC000F0000080FFFF889010101C0F03000000B0
:10ACD0000000000000000000000000E0F81C040478
:10ACE0000408F8FC000000030F1810109088FFFF04
:10ACF00080000000000000000000000000000404CC
:10AD000004FCFC100804041C18001010101F1F1075
:10AD10001010000000000000000000000000000013
:10AD2000000000003878CCC484840C3C0000000093
:10AD30001E18101011191F0F00000000000000C0A5
:10AD400000000000000000040404FFFF04040400ED
:10AD50000000000000000F1F1010100C0000000089
:10AD6000000000000000000000000004FCFE0000E5
:10AD70000004FCFE000000000F1F181010081F0F39
:10AD800008000000000000000000000000000004B7
:10AD90000C7CC4000080740C040000000000031F41
:10ADA0000C03000000000000000000000000000094
:10ADB0000000041CF48004ECFC8400E41C0400008B
:10ADC000011F0F00000F0F00000000000000000036
:10ADD0000000000000000000040C3CE4C0241C043F
:10ADE00004000010101C120101131C1810000000B8
:10ADF000000000000000000000000004043CC4004B
:10AE000000C43C0404000000C080817F0E010000EB
:10AE10000000000000000000000000000000000032
:10AE20003C0404C4741C0C0000000000181E131124
:10AE30001010180E000000000000000000F80404CC
:10AE4000000000000000001028C700000000000003
:10AE500000000000003F4040000000000000000033
:10AE6000FF0000000000000000000000FF000000E4
:10AE70000000000000000000FF00000000000000D3
:10AE80000404F80000000000000000000000C728D3
:10AE9000100000000000000040403F0000000000E3
:10AEA0000000000C02020204081810100C00000040
:10AEB0000000000000000000000000000000000092
:10AEC0000000000000000000000000000000002F53
:10AED000000000000700070000147F147F14002406
:10AEE0002A7F2A1200231308646200364955225033
:10AEF00000000007000000001C2241000000412269
:10AF00001C000014083E08140008083E0808000051
:10AF100000A0600000080808080800006060000049
:10AF2000002010080402003E5149453E0000427FC7
:10AF30004000004261514946002141454B31001813
:10AF400014127F10002745454539003C4A494930D5
:10AF5000000171090503003649494936000649498F
:10AF6000291E00003636000000005636000000089A
:10AF70001422410000141414141400004122140877
:10AF8000000201510906003E4955592E007C12115C
:10AF9000127C007F49494936003E41414122007FF1
:10AFA0004141221C007F49494941007F09090901AB
:10AFB000003E4149497A007F0808087F0000417F30
:10AFC0004100002040413F01007F08142241007FE2
:10AFD00040404040007F020C027F007F0408107F49
:10AFE000003E4141413E007F09090906003E4151B2
:10AFF000215E007F0919294600464949493100016F
:10B00000017F0101003F4040403F001F2040201FC2
:10B01000003F4038403F0063140814630007087085
:10B02000080700615149454300007F41410000028B
:10B0300004081020000041417F00000402010204C6
:10B0400000404040404000000102040000205454F1
:10B050005478007F48444438003844444420003841
:10B060004444487F00385454541800087E090102B3
:10B070000018A4A4A47C007F080404780000447D88
:10B080004000004080847D00007F102844000000C4
:10B09000417F4000007C04180478007C0804047898
:10B0A00000384444443800FC242424180018242484
:10B0B00018FC007C08040408004854545420000480
:10B0C0003F444020003C4040207C001C2040201C8D
:10B0D000003C4030403C004428102844001CA0A004
:10B0E000A07C004464544C440000087F41000000F0
:10B0F000007F00000000417F0800000804081008DD
:10B10000000000000000000000000000000000003F
:10B11000000000F8000000000000003330000000D4
:10B1200000160E00160E00000000000000000000D7
:10B1300040C07840C0784000043F04043F0404004D
:10B14000007088FC08300000001820FF211E00005D
:10B15000F008F000E018000000211C031E211E0072
:10B1600000F00888700000001E21232419272110F8
:10B17000000000160E0000000000000000000000AB
:10B18000000000E018040200000000071820400042
:10B1900000020418E0000000004020180700000032
:10B1A000404080F0804040000202010F0102020096
:10B1B000000000F0000000000101011F010101007A
:10B1C000000000000000000000B07000000000005F
:10B1D0000000000000000000000101010101010168
:10B1E00000000000000000000030300000000000FF
:10B1F00000000000806018040060180601000000D4
:10B2000000E010080810E000000F102020100F00D0
:10B21000001010F8000000000020203F2020000057
:10B2200000700808088870000030282422213000AF
:10B2300000300888884830000018202020110E00B7
:10B240000000C02010F8000000070424243F240060
:10B2500000F80888880808000019212020110E0035
:10B2600000E0108888180000000F112020110E0047
:10B2700000380808C83808000000003F000000003F
:10B280000070880808887000001C222121221C0000
:10B2900000E010080810E0000000312222110F0029
:10B2A000000000C0C00000000000003030000000BE
:10B2B000000000C0C0000000000080B0700000006E
:10B2C0000000804020100800000102040810200047
:10B2D0004040404040404000040404040404040092
:10B2E0000008102040800000002010080402010027
:10B2F000007048080808F000000000303601000027
:10B30000C030C828E810E0000718272423140B00D9
:10B310000000C038E0000000203C23020227382053
:10B3200008F8888888700000203F202020110E0037
:10B33000C03008080808380007182020201008002E
:10B3400008F808080810E000203F202020100F0017
:10B3500008F88888E8081000203F202023201800E3
:10B3600008F88888E8081000203F2000030000004B
:10B37000C03008080838000007182020221E0200EC
:10B3800008F808000008F808203F210101213F20AB
:10B39000000808F8080800000020203F20200000D6
:10B3A00000000808F8080800C08080807F000000C6
:10B3B00008F888C028180800203F200126382000FF
:10B3C00008F8080000000000203F20202020300066
:10B3D00008F8F800F8F80800203F003F003F200080
:10B3E00008F830C00008F808203F200007183F0088
:10B3F000E01008080810E0000F10202020100F00B7
:10B4000008F808080808F000203F210101010000A9
:10B41000E01008080810E0000F18242438504F00EE
:10B4200008F8888888887000203F2000030C3020AE
:10B4300000708808080838000038202121221C00EC
:10B44000180808F8080818000000203F2000000035
:10B4500008F808000008F808001F202020201F001E
:10B460000878880000C83808000007380E0100007E
:10B47000F80800F80008F800033C0700073C030048
:10B48000081868808068180820302C03032C3020AE
:10B490000838C800C83808000000203F200000001D
:10B4A00010080808C8380800203826212020180075
:10B4B000000000FE020202000000007F4040400049
:10B4C000000C30C000000000000000010638C00081
:10B4D00000020202FE000000004040407F00000029
:10B4E00000201008040810200000000000000000E8
:10B4F000000000000000000080808080808080804C
:10B50000000204080000000000000000000000002D
:10B5100000008080808000000019242222223F2029
:10B5200008F8008080000000003F112020110E006C
:10B530000000008080800000000E112020201100FB
:10B54000000000808088F800000E112020103F20AD
:10B550000000808080800000001F22222222130031
:10B56000008080F0888888180020203F202000007C
:10B570000000808080808000006B94949493600031
:10B5800008F8008080800000203F210000203F203C
:10B5900000809898000000000020203F202000003C
:10B5A000000000809898000000C08080807F00002C
:10B5B00008F8000080808000203F24022D30200009
:10B5C000000808F8000000000020203F20200000B4
:10B5D0008080808080808000203F20003F20003FCE
:10B5E000008080008080000000203F2100203F205C
:10B5F0000000808080800000001F202020201F008D
:10B60000808000808000000080FFA12020110E00BB
:10B610000000008080808000000E112020A0FF80AC
:10B62000808080008080800020203F212000010059
:10B6300000008080808080000033242424241900AE
:10B64000008080E0808000000000001F20200000BB
:10B650008080000000808000001F202020103F20FC
:10B66000808080000080808000010E30080601008C
:10B6700080800080008080800F300C030C300F0031
:10B6800000808000808080000020312E0E3120005C
:10B69000808080000080808080818E70180601008C
:10B6A00000808080808080000021302C22213000AA
:10B6B00000000000807C020200000000003F4040CB
:10B6C00000000000FF00000000000000FF0000007C
:10B6D0000002027C800000000040403F00000000AB
:10B6E0000080404080000080000000000001010058
:10B6F00002030405060708090A0B0C0D0E0F1010B3
:10B7000031313036004341524400505744004649DD
:10B710004E47004254002530325800C9BEB3FDB335
:10B72000C9B9A6A3A100C3DCC2EBB4EDCEF3A3A1BB
:10B7300000CEDED0A7C9BEB3FDA3A100B6FEA1A274
:10B74000C2BCC8EBD0C2BFA800C8FDA1A2C9BEB38D
:10B75000FDBFA8C6AC00C3DCC2EBB2BBD7E3CBC411
:10B76000CEBB00BFA8D2BB00D6B8CEC6D2BB00C6E7
:10B77000DFA1A2BFAACBF8C8D5D6BE00BFA8CBC454
:10B7800000D6B8CEC6CBC400CEE5A1A2C2BCC8EBE1
:10B79000D6B8CEC600C1F9A1A2C9BEB3FDD6B8CEF7
:10B7A000C600D2BBA1A2D0DEB8C4C3DCC2EB00CBC2
:10B7B000C4A1A2B9D8CBF800D7D4B6AFB9D8CBF8CA
:10B7C00000C3DCC2EBBDE2CBF800BFA8C8FD00D6C9
:10B7D000B8CEC6C8FD00BFA8B6FE00D6B8CEC6B665
:10B7E000FE00000030B90008000000202800000022
:10B7F0005001000858B9000828000020380D00004A
:10B80000700100081C00000043000000F8FFFFFF6B
:10B810000C0000000E0000000F0000002E000000D1
:10B820001001000043000000F8FFFFFF004040400F
:10B830004040404040404141414141404040404003
:10B8400040404040404040404040404040050202AF
:10B85000020202020202020202020202022020206E
:10B8600020202020202020020202020202029090CA
:10B8700090909090101010101010101010101010C8
:10B88000101010101010101002020202020288881C
:10B890008888888808080808080808080808080828
:10B8A0000808080808080808020202024000000010
:10B8B0000000000000000000000000000000000088
:10B8C0000000000000000000000000000000000078
:10B8D0000000000000000000000000000000000068
:10B8E0000000000000000000000000000000000058
:10B8F0000000000000000000000000000000000048
:10B900000000000000000000000000000000000037
:10B910000000000000000000000000000000000027
:10B920000000000000000000000000000000000017
:10B93000FFFFFFFF0100000000127A00FFFFFFFF82
:10B94000FFFFFFFFFFFFFFFFFFFFFFFF0101010000
:08B950001000000000000000DF
:04000005080000ED02
:00000001FF
